model,origin,mase,smape,failed,position
seasonal naive,2018-12,0.5244211476774647,1.1354325146744335,False,1.e4
ETS,2018-12,0.24414417886012985,0.527022067720766,False,1.e4
ARIMA,2018-12,0.47072697334169344,1.0156872754430628,False,1.e4
seasonal naive,2019-06,0.389361368651488,0.8077941798307465,False,1.e4
ETS,2019-06,0.3372848462950829,0.7009677630166518,False,1.e4
ARIMA,2019-06,0.21194452219278775,0.44177521622012406,False,1.e4
seasonal naive,2019-12,0.5420360067914918,0.9848375886300853,False,1.e4
ETS,2019-12,0.7221713043976613,1.3217198989025447,False,1.e4
ARIMA,2019-12,0.3066180540232246,0.5574749852328603,False,1.e4
seasonal naive,2020-06,1.0451984806012806,1.777103734152753,False,1.e4
ETS,2020-06,0.6024015678239462,1.018672567525388,False,1.e4
ARIMA,2020-06,0.779153357397436,1.319740558063722,False,1.e4
seasonal naive,2020-12,1.2871012923718788,2.052586936012463,False,1.e4
ETS,2020-12,0.7302981918576587,1.1587947658388575,False,1.e4
ARIMA,2020-12,0.29636366636082706,0.4676148090891514,False,1.e4
seasonal naive,2021-06,0.8311891084089509,1.422097095686673,False,1.e4
ETS,2021-06,0.5103524453643477,0.8683401908815407,False,1.e4
ARIMA,2021-06,0.3909701670899889,0.6668277829706823,False,1.e4
seasonal naive,2021-12,0.7322560120567594,1.2291291296540587,False,1.e4
ETS,2021-12,0.33092209465277345,0.5574772582119987,False,1.e4
ARIMA,2021-12,0.8571789675203981,1.4387290320535695,False,1.e4
seasonal naive,2022-06,0.6462933607776047,1.0707295229551834,False,1.e4
ETS,2022-06,0.5551089338149934,0.9204287172927839,False,1.e4
ARIMA,2022-06,0.584959624208082,0.9697162829172074,False,1.e4
seasonal naive,2022-12,0.605189476604694,0.971872249784583,False,1.e4
ETS,2022-12,0.9460750197816332,1.523469846284121,False,1.e4
ARIMA,2022-12,0.6603424308763156,1.0599104145394567,False,1.e4
seasonal naive,2023-06,0.5627326262856842,0.8812093475979959,False,1.e4
ETS,2023-06,0.43722414797156683,0.6820655035828537,False,1.e4
ARIMA,2023-06,0.3877410780071163,0.605729174850482,False,1.e4
seasonal naive,2023-12,0.5818175193327109,0.8809521614597681,False,1.e4
ETS,2023-12,0.16290188470012673,0.24823084604152532,False,1.e4
ARIMA,2023-12,0.2554662505080004,0.38869984786243716,False,1.e4
seasonal naive,2024-06,0.5407514623600048,0.8010184549890016,False,1.e4
ETS,2024-06,0.3930673377837436,0.5823741333511596,False,1.e4
ARIMA,2024-06,0.2655574678797411,0.394277218319036,False,1.e4
seasonal naive,2024-12,0.4311152183164077,0.6233121669275787,False,1.e4
ETS,2024-12,0.19753911827623213,0.2872999620671175,False,1.e4
ARIMA,2024-12,0.15404702892447314,0.223504965215656,False,1.e4
seasonal naive,2018-12,0.590390210968161,1.76109254377649,False,1.d4
ETS,2018-12,0.2535467666143265,0.7597297628923763,False,1.d4
ARIMA,2018-12,0.36728343939772523,1.1077802622236554,False,1.d4
seasonal naive,2019-06,0.5614637247711671,1.6151908622817246,False,1.d4
ETS,2019-06,0.47697573117756864,1.3765590778045742,False,1.d4
ARIMA,2019-06,0.21937777607910258,0.6291298019371907,False,1.d4
seasonal naive,2019-12,0.665631387500542,1.713513564116656,False,1.d4
ETS,2019-12,0.2648044811089622,0.6773142215464243,False,1.d4
ARIMA,2019-12,0.5754579657840941,1.4777316343328282,False,1.d4
seasonal naive,2020-06,0.6104620270958354,1.5328203438418635,False,1.d4
ETS,2020-06,0.3735401637403853,0.940618481182741,False,1.d4
ARIMA,2020-06,0.39750442416554654,0.9991950395635494,False,1.d4
seasonal naive,2020-12,0.6310711635767022,1.487367541695767,False,1.d4
ETS,2020-12,0.7912709899776861,1.8607452885884384,False,1.d4
ARIMA,2020-12,0.2419761368175234,0.5746810142503233,False,1.d4
seasonal naive,2021-06,0.7573109870436637,1.7342807500680142,False,1.d4
ETS,2021-06,0.9059119240755407,2.0873502209114476,False,1.d4
ARIMA,2021-06,0.9440992245367513,2.1753509838280483,False,1.d4
seasonal naive,2021-12,1.1040616584173284,2.3965494904016156,False,1.d4
ETS,2021-12,0.5124860134249215,1.1038558587781113,False,1.d4
ARIMA,2021-12,0.764233293409319,1.6503853994600168,False,1.d4
seasonal naive,2022-06,0.8331513060070509,1.8085823607734692,False,1.d4
ETS,2022-06,0.3834626418126358,0.8314512584621297,False,1.d4
ARIMA,2022-06,0.4414421534876922,0.9558109824164406,False,1.d4
seasonal naive,2022-12,0.7007461225762897,1.5385853050076734,False,1.d4
ETS,2022-12,0.9845622008555462,2.1564742532434344,False,1.d4
ARIMA,2022-12,0.6385730359876112,1.4048337272464737,False,1.d4
seasonal naive,2023-06,0.5491824896211196,1.158852628405485,False,1.d4
ETS,2023-06,0.17001351808064108,0.36152447027303686,False,1.d4
ARIMA,2023-06,0.09049094319627546,0.1926774658059351,False,1.d4
seasonal naive,2023-12,0.1426039398411444,0.30205111335461443,False,1.d4
ETS,2023-12,0.17061853024652648,0.36028170803986265,False,1.d4
ARIMA,2023-12,0.09639011984160736,0.20408991194450404,False,1.d4
seasonal naive,2024-06,0.16077426206169043,0.32123415563053387,False,1.d4
ETS,2024-06,0.21294561720987734,0.4253056574706945,False,1.d4
ARIMA,2024-06,0.11923345535938774,0.23796749968212527,False,1.d4
seasonal naive,2024-12,0.3439448265836302,0.6471187234793966,False,1.d4
ETS,2024-12,0.12694698165252313,0.23833250250468022,False,1.d4
ARIMA,2024-12,0.31742120595469164,0.5967183326702589,False,1.d4
seasonal naive,2018-12,1.5336666724669876,3.65744578119441,False,Sicilian
ETS,2018-12,0.9410892548627122,2.190935251188757,False,Sicilian
ARIMA,2018-12,1.2315260104086323,2.858340607455768,False,Sicilian
seasonal naive,2019-06,1.0662011520479193,2.8320230186662414,False,Sicilian
ETS,2019-06,0.6616704996734109,1.7333979484136774,False,Sicilian
ARIMA,2019-06,0.6060287686895679,1.585388535510376,False,Sicilian
seasonal naive,2019-12,0.667506002877744,1.8393364648067128,False,Sicilian
ETS,2019-12,0.9010463178809479,2.485898268448548,False,Sicilian
ARIMA,2019-12,0.6934977508002323,1.903370184933876,False,Sicilian
seasonal naive,2020-06,1.0300396966796919,2.7903935832039592,False,Sicilian
ETS,2020-06,1.3282875558675573,3.5890853410521304,False,Sicilian
ARIMA,2020-06,1.5364213545163963,4.141986352649763,False,Sicilian
seasonal naive,2020-12,2.0091026541733115,5.188808432444847,False,Sicilian
ETS,2020-12,1.3169822528656627,3.4563131769444295,False,Sicilian
ARIMA,2020-12,1.1346087826514948,2.9848351961109345,False,Sicilian
seasonal naive,2021-06,2.580737325243301,7.397876138613259,False,Sicilian
ETS,2021-06,1.299328894754523,3.8174909660738616,False,Sicilian
ARIMA,2021-06,1.346762019533464,3.9558478961684718,False,Sicilian
seasonal naive,2021-12,2.255862039626911,7.44058665466165,False,Sicilian
ETS,2021-12,1.360895219094609,4.57206965537921,False,Sicilian
ARIMA,2021-12,1.3698194444188496,4.604468313781719,False,Sicilian
seasonal naive,2022-06,1.5280314536696216,6.018486630540051,False,Sicilian
ETS,2022-06,0.5157834640850603,2.0950518439193333,False,Sicilian
ARIMA,2022-06,0.8373536054079321,3.3755648143733072,False,Sicilian
seasonal naive,2022-12,1.1646918765485639,4.942500281388051,False,Sicilian
ETS,2022-12,0.08182947837919106,0.35687679122667576,False,Sicilian
ARIMA,2022-12,0.21155006483779884,0.9212831236474117,False,Sicilian
seasonal naive,2023-06,0.5533648274137744,2.4278342403259345,False,Sicilian
ETS,2023-06,0.17207426882961444,0.7802921156099812,False,Sicilian
ARIMA,2023-06,0.15058160405529186,0.6765543810616332,False,Sicilian
seasonal naive,2023-12,0.2594110666463212,1.1622996533490573,False,Sicilian
ETS,2023-12,0.2106942692169305,0.9559091458396972,False,Sicilian
ARIMA,2023-12,0.08975309926223365,0.40520496705245623,False,Sicilian
seasonal naive,2024-06,0.4895843429016438,2.096249080699923,False,Sicilian
ETS,2024-06,0.12691036776584402,0.5465260181074031,False,Sicilian
ARIMA,2024-06,0.4113778114287237,1.7676346767156927,False,Sicilian
seasonal naive,2024-12,0.5617948791141496,2.3265510678292483,False,Sicilian
ETS,2024-12,0.13689330503200045,0.5721404828847545,False,Sicilian
ARIMA,2024-12,0.33937299892792094,1.4131108390861946,False,Sicilian
seasonal naive,2018-12,1.8873424900321323,3.727069522659373,False,French
ETS,2018-12,1.0237571390296925,2.0384942772084873,False,French
ARIMA,2018-12,0.5903697800016718,1.1842519454580793,False,French
seasonal naive,2019-06,1.4766398668605145,3.165496736389597,False,French
ETS,2019-06,0.5262873066117962,1.1556952118465935,False,French
ARIMA,2019-06,0.4137770832035795,0.9063646879264874,False,French
seasonal naive,2019-12,1.4828952434787654,4.004788901271594,False,French
ETS,2019-12,1.396455545697865,3.779566529105019,False,French
ARIMA,2019-12,1.2296868385219952,3.341527748174781,False,French
seasonal naive,2020-06,3.4215766737829756,8.959631568373295,False,French
ETS,2020-06,2.3873964901303384,6.352565312431133,False,French
ARIMA,2020-06,2.6712933705451034,7.0797277458983485,False,French
seasonal naive,2020-12,2.5411757032032347,7.99224737790301,False,French
ETS,2020-12,1.3720368265486298,4.645303088481225,False,French
ARIMA,2020-12,0.30906331749744387,1.0221153584827425,False,French
seasonal naive,2021-06,0.6569162617352906,2.734590891143641,False,French
ETS,2021-06,1.0719632844666591,4.699719962286683,False,French
ARIMA,2021-06,0.5731519493305978,2.472067754085469,False,French
seasonal naive,2021-12,0.15308773194887387,0.663657325674919,False,French
ETS,2021-12,0.6008470581840912,2.5411193012062556,False,French
ARIMA,2021-12,0.08197178974430973,0.3522787297657166,False,French
seasonal naive,2022-06,0.19690911601034203,0.7907711691140256,False,French
ETS,2022-06,0.21242461710196264,0.8566991987135197,False,French
ARIMA,2022-06,0.19465835700926373,0.7821311250377034,False,French
seasonal naive,2022-12,0.453539753807252,1.664941812451617,False,French
ETS,2022-12,0.31717883037981004,1.1655068158532087,False,French
ARIMA,2022-12,0.49879849775604973,1.831844277464945,False,French
seasonal naive,2023-06,0.8001659136306358,2.77867214373054,False,French
ETS,2023-06,0.21605478470494788,0.7407790552972655,False,French
ARIMA,2023-06,0.16278439739751,0.5575518573036276,False,French
seasonal naive,2023-12,0.7861018085115526,2.630995941744402,False,French
ETS,2023-12,0.35343941882571617,1.1578820302960977,False,French
ARIMA,2023-12,0.31039663303233833,1.021399032899839,False,French
seasonal naive,2024-06,0.6440428010865821,2.1162318410112984,False,French
ETS,2024-06,0.7317761156649454,2.4102294382445653,False,French
ARIMA,2024-06,0.5707620711864301,1.8720057835167299,False,French
seasonal naive,2024-12,0.7327004418970344,2.322535978241552,False,French
ETS,2024-12,0.9839560390303713,3.0244742286452264,False,French
ARIMA,2024-12,0.4486355490190979,1.3955781559436136,False,French
seasonal naive,2018-12,0.8599818641946433,3.6814884979735942,False,Caro-Kann
ETS,2018-12,0.4130550353408044,1.7982372163114397,False,Caro-Kann
ARIMA,2018-12,0.5339144929773516,2.3279848451616307,False,Caro-Kann
seasonal naive,2019-06,0.8422314134252028,3.7017577239264154,False,Caro-Kann
ETS,2019-06,0.7687178924640111,3.3916961028536576,False,Caro-Kann
ARIMA,2019-06,0.8889655918695099,3.9299820886672436,False,Caro-Kann
seasonal naive,2019-12,1.2703878984122063,5.105765619253921,False,Caro-Kann
ETS,2019-12,0.5910746965124715,2.3330252188060636,False,Caro-Kann
ARIMA,2019-12,0.9120134062848855,3.6223936997289687,False,Caro-Kann
seasonal naive,2020-06,2.252333549342834,8.792913161559852,False,Caro-Kann
ETS,2020-06,1.5888648972444404,6.07438954169491,False,Caro-Kann
ARIMA,2020-06,1.7098119009893145,6.562475410134345,False,Caro-Kann
seasonal naive,2020-12,3.9246623398517153,15.052926755487967,False,Caro-Kann
ETS,2020-12,3.0278213249657258,11.361604156500563,False,Caro-Kann
ARIMA,2020-12,3.1626655100325065,11.897883801431853,False,Caro-Kann
seasonal naive,2021-06,3.6871282538015078,16.465278294306028,False,Caro-Kann
ETS,2021-06,1.4213602971820876,5.947756467419719,False,Caro-Kann
ARIMA,2021-06,1.0116977011878383,4.191725626854575,False,Caro-Kann
seasonal naive,2021-12,2.1785806208464678,11.849761346478553,False,Caro-Kann
ETS,2021-12,1.8122471722175264,8.665378895357478,False,Caro-Kann
ARIMA,2021-12,1.3652494774567276,6.629192802210595,False,Caro-Kann
seasonal naive,2022-06,1.1978549903157014,7.129843173138043,False,Caro-Kann
ETS,2022-06,0.6324673945918045,3.6551865767536986,False,Caro-Kann
ARIMA,2022-06,0.27961358275754084,1.5947010424172612,False,Caro-Kann
seasonal naive,2022-12,1.2627988888815287,7.339684279217491,False,Caro-Kann
ETS,2022-12,0.8194160047248316,4.678165398768894,False,Caro-Kann
ARIMA,2022-12,0.829900710367233,4.73800474955794,False,Caro-Kann
seasonal naive,2023-06,1.413947585371654,7.9928485162702945,False,Caro-Kann
ETS,2023-06,0.2671310219068753,1.4610772652733932,False,Caro-Kann
ARIMA,2023-06,0.35736628140250926,1.9599258687346663,False,Caro-Kann
seasonal naive,2023-12,0.864380589012379,4.980888397212487,False,Caro-Kann
ETS,2023-12,0.5940255366648418,3.2339280735765077,False,Caro-Kann
ARIMA,2023-12,0.38571254604529126,2.1192077102620974,False,Caro-Kann
seasonal naive,2024-06,0.5188265874855942,2.9321565379898216,False,Caro-Kann
ETS,2024-06,0.08316803299727148,0.4627752164443881,False,Caro-Kann
ARIMA,2024-06,0.15347046610464324,0.8571348086721694,False,Caro-Kann
seasonal naive,2024-12,0.44521066083620514,2.411705227607104,False,Caro-Kann
ETS,2024-12,0.1173211682166625,0.6217895928352507,False,Caro-Kann
ARIMA,2024-12,0.05303831013009826,0.2830493849153391,False,Caro-Kann
seasonal naive,2018-12,2.1123841842131923,2.975226821884283,False,Scandinavian
ETS,2018-12,1.762275178294898,2.471886308908802,False,Scandinavian
ARIMA,2018-12,2.3645406101736364,3.33224991517772,False,Scandinavian
seasonal naive,2019-06,2.462212924767257,3.8962928854906647,False,Scandinavian
ETS,2019-06,1.9998818756018462,3.1468851332360277,False,Scandinavian
ARIMA,2019-06,1.832742284304146,2.8772333042532887,False,Scandinavian
seasonal naive,2019-12,1.5121507801796452,2.860658803063781,False,Scandinavian
ETS,2019-12,2.244165585863785,4.141943383917541,False,Scandinavian
ARIMA,2019-12,1.7479253142313034,3.243732162495152,False,Scandinavian
seasonal naive,2020-06,1.7328219070387394,3.7620546030515576,False,Scandinavian
ETS,2020-06,1.4449995829494053,3.1170564235373845,False,Scandinavian
ARIMA,2020-06,1.6268645629429632,3.5183215159777923,False,Scandinavian
seasonal naive,2020-12,3.093115035073486,6.3556471107960935,False,Scandinavian
ETS,2020-12,1.8110369190136009,3.664304305763578,False,Scandinavian
ARIMA,2020-12,2.7193646585947975,5.558689936286348,False,Scandinavian
seasonal naive,2021-06,1.8577051780278209,4.588394225575735,False,Scandinavian
ETS,2021-06,0.26342670941475366,0.6309713289187335,False,Scandinavian
ARIMA,2021-06,0.4892734803631371,1.172105095999565,False,Scandinavian
seasonal naive,2021-12,0.7418376851818996,2.087618435297463,False,Scandinavian
ETS,2021-12,0.29865343786220616,0.828769984291674,False,Scandinavian
ARIMA,2021-12,0.902994922724184,2.5286147067564215,False,Scandinavian
seasonal naive,2022-06,0.8162081388711374,2.2317862744768573,False,Scandinavian
ETS,2022-06,0.2211596423581904,0.5998483449010885,False,Scandinavian
ARIMA,2022-06,0.41243033180803107,1.1159638390586721,False,Scandinavian
seasonal naive,2022-12,0.8731854435480225,2.292921081803091,False,Scandinavian
ETS,2022-12,0.1763105671094148,0.45724621431495904,False,Scandinavian
ARIMA,2022-12,0.42714625433874576,1.1118144081024204,False,Scandinavian
seasonal naive,2023-06,0.5807269623543634,1.5177782656324157,False,Scandinavian
ETS,2023-06,0.10671172058759001,0.2767694276682833,False,Scandinavian
ARIMA,2023-06,0.3306414835423924,0.8559334208261301,False,Scandinavian
seasonal naive,2023-12,0.7107242789726014,1.7920731531854706,False,Scandinavian
ETS,2023-12,0.2310438064443848,0.5789029956266913,False,Scandinavian
ARIMA,2023-12,0.7006243786932875,1.7649095713766998,False,Scandinavian
seasonal naive,2024-06,0.6872237139338812,1.6692882597791119,False,Scandinavian
ETS,2024-06,0.25983199361268244,0.6275293870449332,False,Scandinavian
ARIMA,2024-06,0.3657416693257734,0.8813782754355312,False,Scandinavian
seasonal naive,2024-12,0.38811505009738795,0.9318277166228622,False,Scandinavian
ETS,2024-12,0.19267527463543044,0.4601215683065375,False,Scandinavian
ARIMA,2024-12,0.39561598162358,0.9496473137765958,False,Scandinavian
seasonal naive,2018-12,0.4934621048186574,3.101505740647012,False,Italian
ETS,2018-12,0.6228540300526856,3.9469651248063444,False,Italian
ARIMA,2018-12,0.2219457430128132,1.3783820350131597,False,Italian
seasonal naive,2019-06,0.9016292776386554,4.908746111990303,False,Italian
ETS,2019-06,0.8372235843796958,4.511026751531078,False,Italian
ARIMA,2019-06,0.9308996411508002,5.051212881594902,False,Italian
seasonal naive,2019-12,1.9562350785587852,9.505930876715157,False,Italian
ETS,2019-12,2.2200047608370777,10.88227828148305,False,Italian
ARIMA,2019-12,1.6642842594400162,8.001814420645893,False,Italian
seasonal naive,2020-06,1.9351297028926475,10.006324033777155,False,Italian
ETS,2020-06,1.38566122731528,6.544512295386603,False,Italian
ARIMA,2020-06,1.1633636457919856,5.565806297372988,False,Italian
seasonal naive,2020-12,0.8500434185827119,4.905289232270949,False,Italian
ETS,2020-12,0.48210940676029074,2.7039727323887486,False,Italian
ARIMA,2020-12,0.600773442573522,3.363007892041364,False,Italian
seasonal naive,2021-06,0.6532424841236631,3.870748658833483,False,Italian
ETS,2021-06,0.8518700964717167,5.048745240133234,False,Italian
ARIMA,2021-06,1.122444335452115,6.612338137404004,False,Italian
seasonal naive,2021-12,0.7815653599148639,4.291593114352239,False,Italian
ETS,2021-12,0.24272716612453707,1.375356806790783,False,Italian
ARIMA,2021-12,0.40629461707443476,2.2778956621099438,False,Italian
seasonal naive,2022-06,0.7347534757147063,4.0980551765625055,False,Italian
ETS,2022-06,0.9455126408163623,5.350138595788328,False,Italian
ARIMA,2022-06,0.7814483342048926,4.374634997558323,False,Italian
seasonal naive,2022-12,0.7750198386559585,4.1049185996994675,False,Italian
ETS,2022-12,0.8133206427928982,4.318086261287604,False,Italian
ARIMA,2022-12,0.7133382576054748,3.7620183783089867,False,Italian
seasonal naive,2023-06,0.7568549075776458,4.04410079574087,False,Italian
ETS,2023-06,0.695972972492732,3.7147067205701845,False,Italian
ARIMA,2023-06,0.9766135136547184,5.1910732588176485,False,Italian
seasonal naive,2023-12,0.8899171098675797,4.579096493175632,False,Italian
ETS,2023-12,0.10613533251244539,0.5620365235701443,False,Italian
ARIMA,2023-12,0.25766679988856833,1.368347499584999,False,Italian
seasonal naive,2024-06,0.49106724998562573,2.620663955354266,False,Italian
ETS,2024-06,0.23987771087832718,1.2878561879320243,False,Italian
ARIMA,2024-06,0.256599473952116,1.3820367407409806,False,Italian
seasonal naive,2024-12,0.37542553677000845,1.9884858860626686,False,Italian
ETS,2024-12,0.18892942082001538,1.00390467553136,False,Italian
ARIMA,2024-12,0.33423289372381815,1.781834254188078,False,Italian
seasonal naive,2018-12,0.5362552193663261,4.865599892811152,False,Ruy Lopez
ETS,2018-12,0.3909053303604952,3.5420311925199846,False,Ruy Lopez
ARIMA,2018-12,0.7954502958746913,7.116949474492067,False,Ruy Lopez
seasonal naive,2019-06,0.8443642254760272,6.538782240355048,False,Ruy Lopez
ETS,2019-06,0.5664114786889145,4.402555544382011,False,Ruy Lopez
ARIMA,2019-06,0.2989989889102631,2.38485924293507,False,Ruy Lopez
seasonal naive,2019-12,0.7327363001504333,5.87092421492818,False,Ruy Lopez
ETS,2019-12,0.8765283836250627,7.314504840575157,False,Ruy Lopez
ARIMA,2019-12,0.5905047920657426,4.869620964015772,False,Ruy Lopez
seasonal naive,2020-06,1.1911724117380835,9.610428115095816,False,Ruy Lopez
ETS,2020-06,1.6109698276451343,12.749715493378105,False,Ruy Lopez
ARIMA,2020-06,1.600938952233742,12.709219662981718,False,Ruy Lopez
seasonal naive,2020-12,1.3296026794284905,10.536255035701465,False,Ruy Lopez
ETS,2020-12,0.31711012118212706,2.656596785115904,False,Ruy Lopez
ARIMA,2020-12,0.33655996420157436,2.7849902571080674,False,Ruy Lopez
seasonal naive,2021-06,0.5303191550620506,4.635584973515843,False,Ruy Lopez
ETS,2021-06,0.35623410319796844,3.205392254846918,False,Ruy Lopez
ARIMA,2021-06,0.3957322016624629,3.543104203078752,False,Ruy Lopez
seasonal naive,2021-12,0.2888880605144649,2.5478755845729077,False,Ruy Lopez
ETS,2021-12,0.9018894924550364,7.852140133547504,False,Ruy Lopez
ARIMA,2021-12,1.8699882667515544,15.646584192085475,False,Ruy Lopez
seasonal naive,2022-06,0.5814274697627234,4.709185682376845,False,Ruy Lopez
ETS,2022-06,0.4738407117164279,3.9123929791089807,False,Ruy Lopez
ARIMA,2022-06,0.377917886803135,3.096845574665772,False,Ruy Lopez
seasonal naive,2022-12,0.605632304968374,4.735878988937706,False,Ruy Lopez
ETS,2022-12,1.2760744858469475,10.382678721700783,False,Ruy Lopez
ARIMA,2022-12,0.6896822528724961,5.447333813148811,False,Ruy Lopez
seasonal naive,2023-06,0.620625548632564,4.78797041024799,False,Ruy Lopez
ETS,2023-06,0.6857554639537555,5.233135293503918,False,Ruy Lopez
ARIMA,2023-06,0.37458352397464517,2.904675300110431,False,Ruy Lopez
seasonal naive,2023-12,1.06452160826818,8.114402794989271,False,Ruy Lopez
ETS,2023-12,0.3396533889030435,2.6942980328461124,False,Ruy Lopez
ARIMA,2023-12,0.6208909281026335,4.861582218637272,False,Ruy Lopez
seasonal naive,2024-06,1.3434595312341087,10.471270557777986,False,Ruy Lopez
ETS,2024-06,0.8444889414157718,6.715989033819896,False,Ruy Lopez
ARIMA,2024-06,0.9406415206093647,7.4755199738733165,False,Ruy Lopez
seasonal naive,2024-12,1.0212839932684439,8.453330794569048,False,Ruy Lopez
ETS,2024-12,0.18471154270952464,1.5990357690542756,False,Ruy Lopez
ARIMA,2024-12,0.46388099707522223,3.9682419794601764,False,Ruy Lopez
seasonal naive,2018-12,2.327514344988451,5.9253381523801165,False,Queen's Gambit
ETS,2018-12,1.9840584224592799,5.0775029913259555,False,Queen's Gambit
ARIMA,2018-12,1.8544729635790866,4.756137327884185,False,Queen's Gambit
seasonal naive,2019-06,1.8321640837267656,5.877437069424234,False,Queen's Gambit
ETS,2019-06,0.5111270192782208,1.6917253082076316,False,Queen's Gambit
ARIMA,2019-06,0.9544842988811342,3.1275117197381936,False,Queen's Gambit
seasonal naive,2019-12,1.2277887265349539,4.744835377736861,False,Queen's Gambit
ETS,2019-12,0.4023269960301527,1.5938369674346753,False,Queen's Gambit
ARIMA,2019-12,0.6625975187489118,2.6054188324771155,False,Queen's Gambit
seasonal naive,2020-06,1.0805786901566563,4.542673114357406,False,Queen's Gambit
ETS,2020-06,0.4911423058077799,2.104980073000853,False,Queen's Gambit
ARIMA,2020-06,0.6335996546440377,2.711593773454939,False,Queen's Gambit
seasonal naive,2020-12,1.1374160801488613,4.875811098238896,False,Queen's Gambit
ETS,2020-12,0.9994657536474638,4.311473268577031,False,Queen's Gambit
ARIMA,2020-12,1.3547970958681579,5.7971510697561115,False,Queen's Gambit
seasonal naive,2021-06,0.8287667527419637,3.6383695897761026,False,Queen's Gambit
ETS,2021-06,0.5322727777190771,2.4141294632021766,False,Queen's Gambit
ARIMA,2021-06,0.2810815385675044,1.2635985107216663,False,Queen's Gambit
seasonal naive,2021-12,0.3640188936224284,1.6367505186779974,False,Queen's Gambit
ETS,2021-12,0.4426046791396308,2.0220985240079483,False,Queen's Gambit
ARIMA,2021-12,0.1648315246839262,0.7471952800366795,False,Queen's Gambit
seasonal naive,2022-06,0.3693610983207119,1.614606089155462,False,Queen's Gambit
ETS,2022-06,0.2855685187619987,1.248469723958295,False,Queen's Gambit
ARIMA,2022-06,0.5196022447723884,2.261770270652634,False,Queen's Gambit
seasonal naive,2022-12,0.9226924424889917,3.82280673978929,False,Queen's Gambit
ETS,2022-12,0.3408546735855768,1.435545500269051,False,Queen's Gambit
ARIMA,2022-12,0.5582500191337643,2.3407686979378703,False,Queen's Gambit
seasonal naive,2023-06,1.39748739930331,5.7031664783561915,False,Queen's Gambit
ETS,2023-06,0.6460686097381528,2.683495016821014,False,Queen's Gambit
ARIMA,2023-06,0.8867461797744938,3.6652940184077707,False,Queen's Gambit
seasonal naive,2023-12,1.1853864426206249,5.030665327424367,False,Queen's Gambit
ETS,2023-12,0.1272709067590813,0.5574011243069033,False,Queen's Gambit
ARIMA,2023-12,0.33722810087717875,1.4677192589034538,False,Queen's Gambit
seasonal naive,2024-06,0.771705895112427,3.4614457586207257,False,Queen's Gambit
ETS,2024-06,0.11242238217471795,0.5122841469868022,False,Queen's Gambit
ARIMA,2024-06,0.26526968070011586,1.210327036844003,False,Queen's Gambit
seasonal naive,2024-12,0.5165694752562754,2.333657147173119,False,Queen's Gambit
ETS,2024-12,0.18444879639519654,0.8492412038599946,False,Queen's Gambit
ARIMA,2024-12,0.18986045269493235,0.866777930574123,False,Queen's Gambit
seasonal naive,2018-12,0.4792381359386138,11.037464219711966,False,London vs 1...d5
ETS,2018-12,0.14788971853769908,3.1515678740484763,False,London vs 1...d5
ARIMA,2018-12,0.07043098206253162,1.53382884961184,False,London vs 1...d5
seasonal naive,2019-06,0.4359831712894826,8.635137665564004,False,London vs 1...d5
ETS,2019-06,0.1790928943424468,3.383062621681717,False,London vs 1...d5
ARIMA,2019-06,0.1714556109327416,3.2218950134159354,False,London vs 1...d5
seasonal naive,2019-12,0.9369885882181272,15.312260293083243,False,London vs 1...d5
ETS,2019-12,0.42610775364368175,6.576828327614807,False,London vs 1...d5
ARIMA,2019-12,0.5781238994776451,9.09361437482632,False,London vs 1...d5
seasonal naive,2020-06,1.474830911311707,21.112160923374493,False,London vs 1...d5
ETS,2020-06,0.42634570917866316,5.616568779420874,False,London vs 1...d5
ARIMA,2020-06,0.6088025795046139,8.08514762855366,False,London vs 1...d5
seasonal naive,2020-12,0.9811920667656888,13.976390527821161,False,London vs 1...d5
ETS,2020-12,0.26766642841393345,3.4882953970699244,False,London vs 1...d5
ARIMA,2020-12,0.3335674058728087,4.355892774525318,False,London vs 1...d5
seasonal naive,2021-06,0.409798337512661,5.851830574862405,False,London vs 1...d5
ETS,2021-06,0.4670532876324927,6.3274799207841,False,London vs 1...d5
ARIMA,2021-06,0.22710887159989662,3.1518629028178404,False,London vs 1...d5
seasonal naive,2021-12,0.2329980472913363,3.0718115252877127,False,London vs 1...d5
ETS,2021-12,0.5374325251438128,6.922759933188647,False,London vs 1...d5
ARIMA,2021-12,0.1857051927531942,2.461266071568299,False,London vs 1...d5
seasonal naive,2022-06,0.1857210986931479,2.3102386337367307,False,London vs 1...d5
ETS,2022-06,0.2071231671459324,2.5629852622856513,False,London vs 1...d5
ARIMA,2022-06,0.4562273956489907,5.778146625609612,False,London vs 1...d5
seasonal naive,2022-12,0.2751454949282452,3.184395277945209,False,London vs 1...d5
ETS,2022-12,0.5902685641246446,6.656420874445093,False,London vs 1...d5
ARIMA,2022-12,0.23657811657104383,2.7314351610520715,False,London vs 1...d5
seasonal naive,2023-06,0.32501743654700843,3.5540748463696397,False,London vs 1...d5
ETS,2023-06,0.43994243379006776,4.788582419809262,False,London vs 1...d5
ARIMA,2023-06,0.22325983122599474,2.4668110084102275,False,London vs 1...d5
seasonal naive,2023-12,0.2576991837031993,2.7004039235027726,False,London vs 1...d5
ETS,2023-12,0.4221870833228303,4.4247484367095895,False,London vs 1...d5
ARIMA,2023-12,0.08794363994279966,0.9397265999462353,False,London vs 1...d5
seasonal naive,2024-06,0.11740265915424225,1.1984871056999449,False,London vs 1...d5
ETS,2024-06,0.28853239654277013,2.9052685603988824,False,London vs 1...d5
ARIMA,2024-06,0.11474553246690913,1.1720795552888825,False,London vs 1...d5
seasonal naive,2024-12,0.22436295410658597,2.1561740216668404,False,London vs 1...d5
ETS,2024-12,0.18729253002050186,1.7943399837376122,False,London vs 1...d5
ARIMA,2024-12,0.29554759025797356,2.8482615285373676,False,London vs 1...d5
seasonal naive,2018-12,1.8297369221605035,8.595522074718405,False,King's Indian
ETS,2018-12,1.68015798770894,7.924082834847655,False,King's Indian
ARIMA,2018-12,1.1069264401754597,5.323363979483716,False,King's Indian
seasonal naive,2019-06,1.3318651392554792,7.7635016020573735,False,King's Indian
ETS,2019-06,0.7443474798052433,4.322790827874211,False,King's Indian
ARIMA,2019-06,0.7982242725226126,4.635237032509906,False,King's Indian
seasonal naive,2019-12,0.9326902665164463,5.633115865036531,False,King's Indian
ETS,2019-12,0.9172491841496168,5.512739214272914,False,King's Indian
ARIMA,2019-12,1.1614689705623777,7.024383855014582,False,King's Indian
seasonal naive,2020-06,1.466556129396289,9.836682317308988,False,King's Indian
ETS,2020-06,1.6109580057314252,10.877719985598965,False,King's Indian
ARIMA,2020-06,1.6862571351376465,11.373711113457665,False,King's Indian
seasonal naive,2020-12,2.353297306025,14.715214541754387,False,King's Indian
ETS,2020-12,1.2473101845404713,8.167234916702736,False,King's Indian
ARIMA,2020-12,0.5768745794423003,3.8871558392751684,False,King's Indian
seasonal naive,2021-06,1.057504365255085,8.33101611027094,False,King's Indian
ETS,2021-06,0.45131910196022984,3.897623444972114,False,King's Indian
ARIMA,2021-06,0.30883734277623814,2.598118137873207,False,King's Indian
seasonal naive,2021-12,0.6209811238368238,5.574147508807578,False,King's Indian
ETS,2021-12,0.6877019436588815,6.140720493398464,False,King's Indian
ARIMA,2021-12,0.7372452550527181,6.593598572552444,False,King's Indian
seasonal naive,2022-06,0.9378501532774495,8.37253467624281,False,King's Indian
ETS,2022-06,0.32141717182406626,2.9730256287615693,False,King's Indian
ARIMA,2022-06,0.7615117550447916,6.890467533225704,False,King's Indian
seasonal naive,2022-12,1.0481517610436677,9.434295093958454,False,King's Indian
ETS,2022-12,0.4371560866167656,4.0392391101223755,False,King's Indian
ARIMA,2022-12,0.4150171685536148,3.8664940179419482,False,King's Indian
seasonal naive,2023-06,0.6333929370326475,5.899931109260721,False,King's Indian
ETS,2023-06,0.28736774274378707,2.853673695429429,False,King's Indian
ARIMA,2023-06,0.20474536424291193,1.9796778790818976,False,King's Indian
seasonal naive,2023-12,0.2591562262065286,2.497708728262313,False,King's Indian
ETS,2023-12,0.14742367035174542,1.429648457686441,False,King's Indian
ARIMA,2023-12,0.1073328055872509,1.0493995514450802,False,King's Indian
seasonal naive,2024-06,0.2874567817721078,2.7134155174121615,False,King's Indian
ETS,2024-06,0.2213599944747693,2.1309194939772276,False,King's Indian
ARIMA,2024-06,0.29647537600149,2.8053476495821963,False,King's Indian
seasonal naive,2024-12,0.33161903987596725,2.986351282628085,False,King's Indian
ETS,2024-12,0.34171808868063536,3.0666732779720625,False,King's Indian
ARIMA,2024-12,0.4464472074866619,4.001531246972426,False,King's Indian
seasonal naive,2018-12,0.7724558632709205,5.378798655477976,False,King's Gambit
ETS,2018-12,0.6671016565213171,4.9134616712276085,False,King's Gambit
ARIMA,2018-12,0.4194401460702176,3.0562592418598187,False,King's Gambit
seasonal naive,2019-06,0.8058413356790343,5.71538146236597,False,King's Gambit
ETS,2019-06,0.39938067678264255,2.927133380985888,False,King's Gambit
ARIMA,2019-06,0.42511444120877473,3.1189701624067045,False,King's Gambit
seasonal naive,2019-12,0.6615637326170117,4.559535705276895,False,King's Gambit
ETS,2019-12,0.5846271109973451,4.075356747611588,False,King's Gambit
ARIMA,2019-12,0.5146429826307527,3.5850599093913464,False,King's Gambit
seasonal naive,2020-06,0.3499237672326491,2.4109872706325923,False,King's Gambit
ETS,2020-06,0.8622361757507605,6.154425902523719,False,King's Gambit
ARIMA,2020-06,0.4863935791569317,3.3894271780524914,False,King's Gambit
seasonal naive,2020-12,0.5797225735857464,3.705725009154844,False,King's Gambit
ETS,2020-12,0.491876646346445,3.1902609102293082,False,King's Gambit
ARIMA,2020-12,0.7714874261467191,4.951860693862073,False,King's Gambit
seasonal naive,2021-06,0.8615069563107547,5.135813628815783,False,King's Gambit
ETS,2021-06,0.9384450717897074,5.765399403775728,False,King's Gambit
ARIMA,2021-06,0.7441523460498225,4.518107188487816,False,King's Gambit
seasonal naive,2021-12,0.8181671717959943,4.818385490978089,False,King's Gambit
ETS,2021-12,0.9235486276030517,5.4575775135887765,False,King's Gambit
ARIMA,2021-12,0.5767543345475016,3.3677220560307273,False,King's Gambit
seasonal naive,2022-06,0.7264678828751534,4.229177807067312,False,King's Gambit
ETS,2022-06,0.5299183982627247,3.0456330424556874,False,King's Gambit
ARIMA,2022-06,0.5325582926278202,3.0694248964483304,False,King's Gambit
seasonal naive,2022-12,0.7786201700610014,4.434812891082967,False,King's Gambit
ETS,2022-12,0.4025664276103371,2.3183846710063776,False,King's Gambit
ARIMA,2022-12,0.607456536367569,3.4791263627883797,False,King's Gambit
seasonal naive,2023-06,0.5961121222151481,3.356907953172876,False,King's Gambit
ETS,2023-06,0.20996855130694028,1.198800190767415,False,King's Gambit
ARIMA,2023-06,0.24294421491108265,1.3940131290554614,False,King's Gambit
seasonal naive,2023-12,0.3692021738244115,2.1033245040373263,False,King's Gambit
ETS,2023-12,0.24002510843882255,1.3890438423807971,False,King's Gambit
ARIMA,2023-12,0.10292281828739244,0.591728681400373,False,King's Gambit
seasonal naive,2024-06,0.39959852715574173,2.2004101863924337,False,King's Gambit
ETS,2024-06,0.15770667104540534,0.87459447331558,False,King's Gambit
ARIMA,2024-06,0.13717583882360254,0.7653203953879217,False,King's Gambit
seasonal naive,2024-12,0.432878030980058,2.3252216202857596,False,King's Gambit
ETS,2024-12,0.17120716611999656,0.9289358640445337,False,King's Gambit
ARIMA,2024-12,0.19315465232953463,1.0482663508537013,False,King's Gambit
