black_setup,games,white_score,expected,excess,draw_rate,ci95,share
Benko Gambit,9529,0.46867457,0.50784117,-0.039166633,0.05037255,0.009451285788599441,0.0009753394394147267
Caro-Kann Defence,301679,0.4884828,0.5053717,-0.016888907,0.04505451,0.001697279823374273,0.030878311128470497
Benoni Defence,45681,0.4832972,0.4962118,-0.012914587,0.04967054,0.004324028293030774,0.004675672256470157
Budapest Gambit,24296,0.50006175,0.5120172,-0.0119554475,0.042105697,0.006017996555476775,0.002486813623677217
French Defence,593144,0.501084,0.5127852,-0.0117011415,0.041382868,0.0012129246511504163,0.060711169739973626
King's Indian Defence,247494,0.50198996,0.51309294,-0.011103026,0.047124375,0.0018689710348206601,0.025332213161770215
Englund Gambit,117973,0.5121129,0.5230288,-0.010915817,0.035745468,0.0027338631205601166,0.012075109632288127
Sicilian Defence,1125382,0.49780962,0.50766176,-0.009852149,0.04094432,0.0008820960147513037,0.11518831451436919
Grünfeld Defence,33358,0.4983962,0.50738287,-0.0089866705,0.056088496,0.005062676504536562,0.0034143533445268608
Scandinavian Defence,573792,0.50695634,0.51555437,-0.008597982,0.040762156,0.0012376940538496055,0.0587303985329683
Modern Defence (vs 1.d4),117172,0.50850034,0.5164907,-0.007990392,0.041818865,0.0027321152462473634,0.011993123391237523
Reversed Sicilian (1...e5),343423,0.51106656,0.5157807,-0.0047141453,0.038704455,0.0015946970104382388,0.03515101231001403
Alekhine Defence,117466,0.50469923,0.50892115,-0.0042219,0.041118283,0.0027146338061651795,0.0120232157194134
Pirc / Modern Defence,388354,0.5085618,0.51276505,-0.004203284,0.039618492,0.0015002862600524906,0.03974991842317838
Dutch: Stonewall,19787,0.51187646,0.5137733,-0.00189686,0.047758628,0.006598032786004108,0.002025295570122699
Flank: 1...Nf6,113354,0.51230216,0.5137631,-0.0014609493,0.048864618,0.002746199115259026,0.01160233254438209
Other defence,399279,0.5162343,0.5174446,-0.0012103308,0.045604702,0.0014668544982293804,0.04086814524399965
Symmetrical (1...c5),135737,0.5129663,0.5134157,-0.00044945773,0.04285493,0.002528939516720206,0.013893341325200625
Flank: 1...d5,317506,0.51549894,0.5149184,0.0005805316,0.04135355,0.0016562567665713377,0.032498281461938526
Nimzo-Indian Defence,41412,0.51607025,0.5149333,0.0011368974,0.04508355,0.004581379132741078,0.004238719368773498
Other vs 1.d4,396264,0.52101123,0.5197273,0.0012839917,0.03949892,0.0014826135546427129,0.0405595453479103
Dutch: Leningrad,18134,0.5132899,0.5112717,0.0020182398,0.04907908,0.006887826323801521,0.001856102990276698
Petrov Defence,200196,0.5281774,0.5260814,0.002096007,0.039820977,0.002094886313067744,0.020491033100332734
Old Indian Defence,16880,0.5166469,0.51440096,0.0022459673,0.04312796,0.007176429638238194,0.0017277499986693868
Queen's Indian Defence,52111,0.5212719,0.51587236,0.005399557,0.04275489,0.004094184536642805,0.0053338139917452855
Irregular vs 1.e4,285968,0.5257739,0.52003753,0.00573635,0.036189362,0.0017515548778833062,0.029270213958500428
Indian Defence (other),136731,0.51772827,0.5113358,0.0063924347,0.046346474,0.002510718707055018,0.013995082053795257
Open Game: 1...e5 (other),1706917,0.5272544,0.52082807,0.0064263693,0.03911555,0.0007158610931739778,0.17471124671082663
Dutch: Classical / other,39058,0.52625585,0.5181709,0.008084918,0.04216806,0.004739592557460473,0.003997776033651002
Slav Defence,83423,0.5293684,0.52002203,0.009346385,0.048967313,0.003222961669729512,0.008538749297333902
Berlin Defence,44464,0.5367151,0.5271093,0.009605792,0.045047678,0.004424019887246781,0.0045511063945992665
Queen's Pawn: 1...d5 (other),883457,0.52805907,0.517946,0.010113124,0.043156598,0.000993620908640779,0.09042611555535904
Philidor Defence,207885,0.535053,0.5248785,0.010174544,0.042326286,0.0020542189721427686,0.02127803960150388
Two Knights Defence,140753,0.5342302,0.5235008,0.0107294135,0.035885558,0.0024906509895927338,0.01440675329162987
Queen's Gambit Declined,218028,0.5350574,0.52377594,0.011281501,0.044797,0.001999449296768099,0.022316224923571628
Bogo-Indian Defence,26129,0.5359371,0.524014,0.011923088,0.04305561,0.005750867430413137,0.0026744300779166117
Semi-Slav Defence,90797,0.5334317,0.52076536,0.012666365,0.047490556,0.0030931349893515434,0.009293514018316606
Queen's Gambit Accepted,156919,0.57114816,0.5324453,0.038702846,0.03884807,0.002350532684796488,0.016061421921872127
