position,share_2016_01,share_last,last_month,break1,break2
Queen's Gambit,4.763421650316087,3.599421465335012,2026-05,2021-01,2023-07
London vs 1...d5,0.6624248676575174,2.1079217294470105,2026-05,2018-12,2020-08
London vs 1...Nf6,0.25962917295474214,0.7318229561000165,2026-05,2018-02,2020-03
Caro-Kann,3.082576600527618,5.307982413587557,2026-05,2021-11,2023-07
Sicilian,11.487034057039889,9.433589190690025,2026-05,2021-11,2023-02
King's Gambit,1.8064271255594881,1.2995882662029752,2026-05,2018-02,2018-12
Scandinavian,5.343011744847789,6.549892564781472,2026-05,2021-01,2023-02
Italian,2.967866060984885,3.971890172083555,2026-05,2016-11,2020-03
French,6.613778226149486,5.9085791588626115,2026-05,2018-12,2020-08
1.e4,56.62755235700183,58.22869184724496,2026-05,2021-01,2024-05
1.d4,25.204569591658764,25.56206135427847,2026-05,2016-11,2017-09
