,pred,obs,n
"(0.0, 0.1]",0.0725614299952504,0.06824925816023739,3033
"(0.1, 0.2]",0.1517192700164846,0.15229461756373938,8825
"(0.2, 0.3]",0.2529683632837287,0.24288577154308616,12475
"(0.3, 0.4]",0.3608392031303603,0.35869088631381146,31930
"(0.4, 0.5]",0.46617988853250825,0.4665991902834008,205504
"(0.5, 0.6]",0.5325972642371275,0.5309598682240192,186984
"(0.6, 0.7]",0.6377976494156236,0.633760669228415,29407
"(0.7, 0.8]",0.7476636669761997,0.7399019170753455,11215
"(0.8, 0.9]",0.8468604097110134,0.848011710173213,8198
"(0.9, 1.0]",0.9219869629416243,0.9320708110333471,2429
