level,games,draw_rate,excess_draw_pp,ci_pp,speeds,factor
not both castled,3385238,3.5427053,-0.47483003,0.01966502858862091,all,castling
opposite sides,1388442,3.7871945,-0.29620898,0.03171441644408121,all,castling
same side,4996252,4.6528077,0.40403917,0.01842496198347341,all,castling
by move 10,598441,6.832587,2.8783023,0.0638049533044485,all,qtrade
moves 11-20,1455991,6.96007,2.8745596,0.04123728025476716,all,qtrade
moves 21-30,1449561,6.996739,2.7793252,0.04142245201059515,all,qtrade
after move 30,815533,8.386908,3.8821487,0.060075963697626335,all,qtrade
queens stay on,5450406,1.7050289,-2.403977,0.010864124598339374,all,qtrade
not both castled,618051,3.9831665,-0.6783399,0.0487005835939035,rapid+classical,castling
opposite sides,187234,4.565944,-0.123924375,0.09450076344864779,rapid+classical,castling
same side,606150,5.5563803,0.7299373,0.05757916706778349,rapid+classical,castling
by move 10,92629,7.416683,2.8017535,0.16852234392270676,rapid+classical,qtrade
moves 11-20,216423,7.808782,3.1076198,0.11288683505961652,rapid+classical,qtrade
moves 21-30,172401,8.552155,3.7187333,0.13178750339078854,rapid+classical,qtrade
after move 30,97136,10.581041,5.6186743,0.19329516225963125,rapid+classical,qtrade
queens stay on,832846,2.1678677,-2.5442553,0.03125835294249922,rapid+classical,qtrade
