month,type,cond,slow,n,wins,draws,score,expected,sq
2020-09,Pawn endgame,equal,False,31467,11732.0,8103.0,15783.5,16222.939453125,5788.02783203125
2020-09,Pawn endgame,equal,True,4558,1588.0,1423.0,2299.5,2354.031982421875,775.0787353515625
2020-09,Pawn endgame,one pawn up,False,47029,28960.0,9986.0,33953.0,24225.66796875,9016.4384765625
2020-09,Pawn endgame,one pawn up,True,7449,4914.0,1819.0,5823.5,3843.4462890625,1366.287841796875
2020-09,Pawn endgame,two pawns up,False,23673,17457.0,3485.0,19199.5,12401.064453125,4767.38427734375
2020-09,Pawn endgame,two pawns up,True,3445,2869.0,422.0,3080.0,1814.683349609375,706.90625
2020-09,Rook endgame,equal,False,44343,18161.0,7816.0,22069.0,22845.984375,8921.494140625
2020-09,Rook endgame,equal,True,6318,2359.0,1515.0,3116.5,3256.314453125,1182.7275390625
2020-09,Rook endgame,one pawn up,False,63564,34811.0,9237.0,39429.5,32517.93359375,13158.521484375
2020-09,Rook endgame,one pawn up,True,9550,5384.0,2021.0,6394.5,4900.31640625,1822.09423828125
2020-09,Rook endgame,two pawns up,False,30986,19909.0,3393.0,21605.5,16061.8642578125,6579.4931640625
2020-09,Rook endgame,two pawns up,True,4900,3540.0,672.0,3876.0,2560.44482421875,1009.2542724609375
2020-09,Double rook endgame,equal,False,24409,10467.0,3305.0,12119.5,12544.33203125,5102.123046875
2020-09,Double rook endgame,equal,True,3369,1367.0,598.0,1666.0,1729.041015625,664.7443237304688
2020-09,Double rook endgame,one pawn up,False,27642,15113.0,3060.0,16643.0,14183.7880859375,5891.60400390625
2020-09,Double rook endgame,one pawn up,True,4075,2305.0,597.0,2603.5,2105.75390625,829.3112182617188
2020-09,Double rook endgame,two pawns up,False,11342,7040.0,1002.0,7541.0,5873.1806640625,2456.704833984375
2020-09,Double rook endgame,two pawns up,True,1755,1189.0,199.0,1288.5,920.865234375,373.7322692871094
2020-09,Opposite-coloured bishops,equal,False,5931,1982.0,1901.0,2932.5,3066.237548828125,984.6351318359375
2020-09,Opposite-coloured bishops,equal,True,719,195.0,319.0,354.5,373.8026428222656,98.32583618164062
2020-09,Opposite-coloured bishops,one pawn up,False,7530,3476.0,1983.0,4467.5,3842.7080078125,1357.2255859375
2020-09,Opposite-coloured bishops,one pawn up,True,940,406.0,376.0,594.0,480.2409973144531,140.5279998779297
2020-09,Opposite-coloured bishops,two pawns up,False,3581,2116.0,620.0,2426.0,1849.24609375,705.9033203125
2020-09,Opposite-coloured bishops,two pawns up,True,471,300.0,106.0,353.0,242.57308959960938,88.63426208496094
2020-09,Same-coloured bishops,equal,False,8067,3376.0,1590.0,4171.0,4162.6484375,1572.2850341796875
2020-09,Same-coloured bishops,equal,True,779,269.0,223.0,380.5,403.50555419921875,134.5619354248047
2020-09,Same-coloured bishops,one pawn up,False,7661,4532.0,1099.0,5081.5,3962.14404296875,1557.801513671875
2020-09,Same-coloured bishops,one pawn up,True,797,517.0,143.0,588.5,413.79681396484375,152.36700439453125
2020-09,Same-coloured bishops,two pawns up,False,2780,1992.0,282.0,2133.0,1455.91845703125,581.6761474609375
2020-09,Same-coloured bishops,two pawns up,True,320,248.0,32.0,264.0,166.53067016601562,67.50308227539062
2020-09,Knight endgame,equal,False,6904,2773.0,1278.0,3412.0,3561.267578125,1382.4884033203125
2020-09,Knight endgame,equal,True,884,325.0,251.0,450.5,454.0707702636719,152.52911376953125
2020-09,Knight endgame,one pawn up,False,7262,4011.0,1133.0,4577.5,3754.05078125,1478.6005859375
2020-09,Knight endgame,one pawn up,True,1095,616.0,258.0,745.0,571.305419921875,200.10476684570312
2020-09,Knight endgame,two pawns up,False,3027,2002.0,379.0,2191.5,1583.36181640625,623.118896484375
2020-09,Knight endgame,two pawns up,True,445,338.0,66.0,371.0,236.19761657714844,88.67190551757812
2020-09,Bishop vs knight,equal,False,14214,5996.0,2318.0,7155.0,7337.8310546875,2894.55908203125
2020-09,Bishop vs knight,equal,True,1656,642.0,390.0,837.0,849.2138671875,307.99566650390625
2020-09,Bishop vs knight,one pawn up,False,15198,8548.0,2085.0,9590.5,7815.2666015625,3159.474609375
2020-09,Bishop vs knight,one pawn up,True,2033,1199.0,355.0,1376.5,1062.07080078125,398.10888671875
2020-09,Bishop vs knight,two pawns up,False,6092,4131.0,602.0,4432.0,3185.685302734375,1298.77197265625
2020-09,Bishop vs knight,two pawns up,True,885,656.0,126.0,719.0,469.9503479003906,177.94732666015625
2020-09,Queen endgame,equal,False,10168,3833.0,2632.0,5149.0,5244.3173828125,1875.7413330078125
2020-09,Queen endgame,equal,True,1511,506.0,528.0,770.0,782.8659057617188,248.53338623046875
2020-09,Queen endgame,one pawn up,False,12452,6376.0,2290.0,7521.0,6320.84912109375,2509.364990234375
2020-09,Queen endgame,one pawn up,True,1937,994.0,460.0,1224.0,981.69970703125,369.52496337890625
2020-09,Queen endgame,two pawns up,False,5114,3057.0,681.0,3397.5,2618.59716796875,1082.298583984375
2020-09,Queen endgame,two pawns up,True,965,631.0,157.0,709.5,499.70892333984375,196.53524780273438
2020-09,Rook vs minor piece,equal,False,0,0.0,0.0,0.0,0.0,0.0
2020-09,Rook vs minor piece,equal,True,0,0.0,0.0,0.0,0.0,0.0
2020-09,Rook and minor endgame,equal,False,60143,26540.0,6788.0,29934.0,30938.103515625,12935.9609375
2020-09,Rook and minor endgame,equal,True,8184,3371.0,1298.0,4020.0,4213.9755859375,1682.580078125
2020-09,Rook and minor endgame,one pawn up,False,74424,40760.0,7149.0,44334.5,38107.2109375,16183.943359375
2020-09,Rook and minor endgame,one pawn up,True,10557,6063.0,1393.0,6759.5,5438.12548828125,2204.7080078125
2020-09,Rook and minor endgame,two pawns up,False,30295,18680.0,2400.0,19880.0,15712.47265625,6637.47607421875
2020-09,Rook and minor endgame,two pawns up,True,4699,3152.0,511.0,3407.5,2466.10888671875,987.6670532226562
2020-09,ALL,settled,,1525782,0.0,0.0,0.0,0.0,0.0
2020-10,Pawn endgame,equal,False,31440,11757.0,8096.0,15805.0,16168.2578125,5797.6044921875
2020-10,Pawn endgame,equal,True,4373,1463.0,1374.0,2150.0,2250.73681640625,741.6761474609375
2020-10,Pawn endgame,one pawn up,False,46642,28868.0,9956.0,33846.0,23972.169921875,8906.3232421875
2020-10,Pawn endgame,one pawn up,True,7368,4873.0,1762.0,5754.0,3814.3369140625,1365.209716796875
2020-10,Pawn endgame,two pawns up,False,23159,16940.0,3525.0,18702.5,12071.0244140625,4685.0146484375
2020-10,Pawn endgame,two pawns up,True,3378,2854.0,388.0,3048.0,1797.013427734375,695.705810546875
2020-10,Rook endgame,equal,False,44811,18463.0,7903.0,22414.5,23087.544921875,9050.369140625
2020-10,Rook endgame,equal,True,6314,2379.0,1567.0,3162.5,3246.456787109375,1160.6962890625
2020-10,Rook endgame,one pawn up,False,63348,34806.0,9175.0,39393.5,32375.2265625,13143.5830078125
2020-10,Rook endgame,one pawn up,True,9351,5336.0,1894.0,6283.0,4823.63818359375,1808.502197265625
2020-10,Rook endgame,two pawns up,False,31146,20127.0,3448.0,21851.0,16130.4462890625,6619.03515625
2020-10,Rook endgame,two pawns up,True,4896,3485.0,734.0,3852.0,2565.348388671875,982.178955078125
2020-10,Double rook endgame,equal,False,24755,10598.0,3349.0,12272.5,12717.24609375,5197.97607421875
2020-10,Double rook endgame,equal,True,3344,1379.0,626.0,1692.0,1722.6849365234375,656.7963256835938
2020-10,Double rook endgame,one pawn up,False,27771,15222.0,3147.0,16795.5,14242.341796875,5933.19775390625
2020-10,Double rook endgame,one pawn up,True,4062,2337.0,612.0,2643.0,2099.78515625,829.2777709960938
2020-10,Double rook endgame,two pawns up,False,11316,7103.0,1043.0,7624.5,5876.51220703125,2436.81201171875
2020-10,Double rook endgame,two pawns up,True,1711,1176.0,194.0,1273.0,897.1221923828125,362.08428955078125
2020-10,Opposite-coloured bishops,equal,False,5851,1998.0,1880.0,2938.0,3040.1650390625,972.6719970703125
2020-10,Opposite-coloured bishops,equal,True,681,171.0,325.0,333.5,352.7005615234375,86.27786254882812
2020-10,Opposite-coloured bishops,one pawn up,False,7568,3500.0,2018.0,4509.0,3859.600830078125,1357.0703125
2020-10,Opposite-coloured bishops,one pawn up,True,941,400.0,384.0,592.0,477.2648010253906,140.2386474609375
2020-10,Opposite-coloured bishops,two pawns up,False,3507,2116.0,575.0,2403.5,1820.17236328125,698.9910888671875
2020-10,Opposite-coloured bishops,two pawns up,True,474,308.0,121.0,368.5,250.80984497070312,84.21038818359375
2020-10,Same-coloured bishops,equal,False,8182,3283.0,1656.0,4111.0,4209.134765625,1586.339111328125
2020-10,Same-coloured bishops,equal,True,732,281.0,182.0,372.0,380.906982421875,134.91574096679688
2020-10,Same-coloured bishops,one pawn up,False,7460,4489.0,1022.0,5000.0,3855.259521484375,1550.21240234375
2020-10,Same-coloured bishops,one pawn up,True,794,493.0,140.0,563.0,417.66131591796875,155.6076202392578
2020-10,Same-coloured bishops,two pawns up,False,2768,1995.0,253.0,2121.5,1448.33056640625,596.196533203125
2020-10,Same-coloured bishops,two pawns up,True,331,266.0,40.0,286.0,178.36407470703125,68.65608978271484
2020-10,Knight endgame,equal,False,7006,2817.0,1348.0,3491.0,3616.265869140625,1388.794921875
2020-10,Knight endgame,equal,True,858,308.0,245.0,430.5,448.2689208984375,148.8836669921875
2020-10,Knight endgame,one pawn up,False,7292,4022.0,1230.0,4637.0,3751.81396484375,1460.6624755859375
2020-10,Knight endgame,one pawn up,True,1071,614.0,257.0,742.5,553.3436889648438,197.6773681640625
2020-10,Knight endgame,two pawns up,False,3094,1984.0,385.0,2176.5,1611.999267578125,648.132568359375
2020-10,Knight endgame,two pawns up,True,465,336.0,80.0,376.0,243.8378448486328,87.43220520019531
2020-10,Bishop vs knight,equal,False,14052,5859.0,2330.0,7024.0,7237.775390625,2854.10693359375
2020-10,Bishop vs knight,equal,True,1580,566.0,374.0,753.0,806.0726318359375,294.97442626953125
2020-10,Bishop vs knight,one pawn up,False,14963,8498.0,2088.0,9542.0,7679.44287109375,3117.041015625
2020-10,Bishop vs knight,one pawn up,True,2021,1225.0,382.0,1416.0,1046.860595703125,392.9241943359375
2020-10,Bishop vs knight,two pawns up,False,6081,4036.0,625.0,4348.5,3165.65234375,1288.7628173828125
2020-10,Bishop vs knight,two pawns up,True,880,662.0,116.0,720.0,467.7767639160156,177.35971069335938
2020-10,Queen endgame,equal,False,10165,3904.0,2529.0,5168.5,5222.3505859375,1895.6380615234375
2020-10,Queen endgame,equal,True,1527,460.0,568.0,744.0,781.9140625,241.6153564453125
2020-10,Queen endgame,one pawn up,False,12235,6366.0,2287.0,7509.5,6209.45458984375,2441.523193359375
2020-10,Queen endgame,one pawn up,True,2000,1017.0,532.0,1283.0,1022.6279296875,359.59136962890625
2020-10,Queen endgame,two pawns up,False,5163,3149.0,694.0,3496.0,2641.6357421875,1090.721923828125
2020-10,Queen endgame,two pawns up,True,847,546.0,152.0,622.0,435.9228515625,171.82958984375
2020-10,Rook vs minor piece,equal,False,0,0.0,0.0,0.0,0.0,0.0
2020-10,Rook vs minor piece,equal,True,0,0.0,0.0,0.0,0.0,0.0
2020-10,Rook and minor endgame,equal,False,60592,26804.0,6915.0,30261.5,31200.81640625,13027.6240234375
2020-10,Rook and minor endgame,equal,True,7999,3237.0,1286.0,3880.0,4122.94921875,1627.240234375
2020-10,Rook and minor endgame,one pawn up,False,74489,40557.0,7444.0,44279.0,38171.0546875,16188.0927734375
2020-10,Rook and minor endgame,one pawn up,True,10728,6182.0,1392.0,6878.0,5540.35693359375,2246.663818359375
2020-10,Rook and minor endgame,two pawns up,False,30030,18613.0,2435.0,19830.5,15545.484375,6590.671875
2020-10,Rook and minor endgame,two pawns up,True,4775,3135.0,557.0,3413.5,2500.853271484375,995.162109375
2020-10,ALL,settled,,1519463,0.0,0.0,0.0,0.0,0.0
2020-11,Pawn endgame,equal,False,31049,11610.0,8181.0,15700.5,16001.087890625,5690.1982421875
2020-11,Pawn endgame,equal,True,4892,1680.0,1531.0,2445.5,2514.544921875,837.4732055664062
2020-11,Pawn endgame,one pawn up,False,46062,28554.0,9774.0,33441.0,23710.0546875,8813.1015625
2020-11,Pawn endgame,one pawn up,True,7970,5311.0,1874.0,6248.0,4144.21533203125,1469.65673828125
2020-11,Pawn endgame,two pawns up,False,22851,16994.0,3399.0,18693.5,11902.353515625,4656.45654296875
2020-11,Pawn endgame,two pawns up,True,3749,3180.0,407.0,3383.5,2020.515380859375,758.443603515625
2020-11,Rook endgame,equal,False,43981,17970.0,7880.0,21910.0,22596.09375,8853.263671875
2020-11,Rook endgame,equal,True,6878,2569.0,1776.0,3457.0,3532.693603515625,1247.504638671875
2020-11,Rook endgame,one pawn up,False,61786,34148.0,9102.0,38699.0,31589.23828125,12794.044921875
2020-11,Rook endgame,one pawn up,True,10248,5835.0,2159.0,6914.5,5299.19482421875,1933.655029296875
2020-11,Rook endgame,two pawns up,False,30324,19774.0,3302.0,21425.0,15700.4560546875,6473.72412109375
2020-11,Rook endgame,two pawns up,True,5401,3862.0,764.0,4244.0,2850.62939453125,1079.620361328125
2020-11,Double rook endgame,equal,False,24183,10229.0,3371.0,11914.5,12413.15625,5037.5439453125
2020-11,Double rook endgame,equal,True,3618,1461.0,691.0,1806.5,1849.503173828125,697.0400390625
2020-11,Double rook endgame,one pawn up,False,27090,15055.0,3040.0,16575.0,13909.876953125,5801.11083984375
2020-11,Double rook endgame,one pawn up,True,4513,2633.0,685.0,2975.5,2351.816162109375,905.2110595703125
2020-11,Double rook endgame,two pawns up,False,11065,6910.0,1015.0,7417.5,5749.44140625,2392.64013671875
2020-11,Double rook endgame,two pawns up,True,1896,1312.0,214.0,1419.0,1014.1696166992188,390.0628356933594
2020-11,Opposite-coloured bishops,equal,False,5907,1913.0,1971.0,2898.5,3029.27685546875,969.118408203125
2020-11,Opposite-coloured bishops,equal,True,755,212.0,349.0,386.5,390.0459899902344,100.12659454345703
2020-11,Opposite-coloured bishops,one pawn up,False,7595,3417.0,2116.0,4475.0,3855.515869140625,1352.23583984375
2020-11,Opposite-coloured bishops,one pawn up,True,955,412.0,387.0,605.5,487.7510070800781,139.73025512695312
2020-11,Opposite-coloured bishops,two pawns up,False,3344,2035.0,566.0,2318.0,1727.5511474609375,671.2080688476562
2020-11,Opposite-coloured bishops,two pawns up,True,498,318.0,123.0,379.5,263.6702575683594,85.76670837402344
2020-11,Same-coloured bishops,equal,False,8111,3278.0,1685.0,4120.5,4189.7451171875,1579.5400390625
2020-11,Same-coloured bishops,equal,True,833,319.0,207.0,422.5,425.505126953125,156.9866485595703
2020-11,Same-coloured bishops,one pawn up,False,7510,4469.0,1104.0,5021.0,3901.11865234375,1528.05859375
2020-11,Same-coloured bishops,one pawn up,True,912,586.0,163.0,667.5,475.6084289550781,175.88882446289062
2020-11,Same-coloured bishops,two pawns up,False,2673,1898.0,262.0,2029.0,1395.928955078125,571.3308715820312
2020-11,Same-coloured bishops,two pawns up,True,373,298.0,45.0,320.5,196.070556640625,78.9136962890625
2020-11,Knight endgame,equal,False,6864,2744.0,1387.0,3437.5,3506.920166015625,1329.489501953125
2020-11,Knight endgame,equal,True,927,315.0,251.0,440.5,475.1203308105469,167.47921752929688
2020-11,Knight endgame,one pawn up,False,7311,4037.0,1228.0,4651.0,3776.1220703125,1470.242431640625
2020-11,Knight endgame,one pawn up,True,1103,612.0,265.0,744.5,582.8095092773438,195.4578857421875
2020-11,Knight endgame,two pawns up,False,2969,1943.0,360.0,2123.0,1553.18212890625,622.5108032226562
2020-11,Knight endgame,two pawns up,True,536,371.0,106.0,424.0,282.2641906738281,97.92466735839844
2020-11,Bishop vs knight,equal,False,13949,5799.0,2373.0,6985.5,7186.21484375,2823.039306640625
2020-11,Bishop vs knight,equal,True,1750,700.0,406.0,903.0,902.221923828125,327.86480712890625
2020-11,Bishop vs knight,one pawn up,False,14836,8474.0,2056.0,9502.0,7658.1015625,3065.6767578125
2020-11,Bishop vs knight,one pawn up,True,2169,1317.0,391.0,1512.5,1122.0806884765625,430.09979248046875
2020-11,Bishop vs knight,two pawns up,False,6096,4143.0,669.0,4477.5,3188.60546875,1286.005615234375
2020-11,Bishop vs knight,two pawns up,True,929,680.0,136.0,748.0,484.2962646484375,188.0721435546875
2020-11,Queen endgame,equal,False,10066,3724.0,2656.0,5052.0,5186.41748046875,1848.012451171875
2020-11,Queen endgame,equal,True,1609,500.0,569.0,784.5,825.7510986328125,264.65234375
2020-11,Queen endgame,one pawn up,False,12075,6226.0,2292.0,7372.0,6128.4580078125,2411.56689453125
2020-11,Queen endgame,one pawn up,True,2094,1123.0,515.0,1380.5,1071.76318359375,388.7333984375
2020-11,Queen endgame,two pawns up,False,5151,3124.0,717.0,3482.5,2641.45751953125,1089.962646484375
2020-11,Queen endgame,two pawns up,True,973,641.0,167.0,724.5,506.55926513671875,194.23617553710938
2020-11,Rook vs minor piece,equal,False,0,0.0,0.0,0.0,0.0,0.0
2020-11,Rook vs minor piece,equal,True,0,0.0,0.0,0.0,0.0,0.0
2020-11,Rook and minor endgame,equal,False,58811,25861.0,6881.0,29301.5,30221.203125,12607.6962890625
2020-11,Rook and minor endgame,equal,True,8619,3622.0,1389.0,4316.5,4428.11865234375,1756.229736328125
2020-11,Rook and minor endgame,one pawn up,False,73473,40249.0,7293.0,43895.5,37676.84765625,15942.25
2020-11,Rook and minor endgame,one pawn up,True,11434,6516.0,1513.0,7272.5,5901.50146484375,2377.46240234375
2020-11,Rook and minor endgame,two pawns up,False,29772,18401.0,2414.0,19608.0,15464.337890625,6524.36083984375
2020-11,Rook and minor endgame,two pawns up,True,4986,3381.0,562.0,3662.0,2624.53955078125,1040.085205078125
2020-11,ALL,settled,,1501276,0.0,0.0,0.0,0.0,0.0
