dbin,observed,elo_formula
-600,0.0784392,0.030653430031715508
-575,0.105773196,0.03523087241676201
-550,0.11364709,0.04046332603236435
-525,0.12070932,0.04643549472211808
-500,0.13174415,0.05324021520202244
-475,0.13761936,0.06097834165795565
-450,0.14718296,0.06975828735890625
-425,0.15852126,0.07969511932764055
-400,0.1693396,0.09090909090909091
-375,0.179554,0.1035234921018142
-350,0.1978274,0.11766170295305857
-325,0.21436176,0.1334433562104599
-300,0.23160408,0.1509795572113233
-275,0.24540472,0.17036717656865663
-250,0.26662382,0.19168232745054142
-225,0.2834674,0.21497326300182792
-200,0.30985364,0.2402530733520421
-175,0.3273334,0.2674927102443324
-150,0.3524912,0.29661499652817136
-125,0.38363352,0.3274903566650149
-100,0.41023263,0.35993500019711494
-75,0.4394794,0.3937121762145718
-50,0.46540457,0.4285368825916186
-25,0.4923975,0.4640840730548977
0,0.516848,0.5
25,0.54144824,0.5359159269451023
50,0.567976,0.5714631174083815
75,0.59611577,0.6062878237854281
100,0.62329304,0.6400649998028851
125,0.65190136,0.672509643334985
150,0.68231374,0.7033850034718286
175,0.7008451,0.7325072897556676
200,0.718753,0.7597469266479578
225,0.7391811,0.785026736998172
250,0.7573022,0.8083176725494586
275,0.7798749,0.8296328234313434
300,0.79378074,0.8490204427886767
325,0.8072046,0.8665566437895401
350,0.8254759,0.8823382970469414
375,0.8371493,0.8964765078981858
400,0.8461089,0.909090909090909
425,0.860537,0.9203048806723595
450,0.8660257,0.9302417126410938
475,0.8792521,0.9390216583420443
500,0.8861639,0.9467597847979775
525,0.89300245,0.9535645052778821
550,0.89701927,0.9595366739676358
575,0.9033544,0.9647691275832381
600,0.93029636,0.9693465699682845
