family,games,white_score,expected,excess,draw_rate,ci95,share
Amar Opening,3378,0.4150385,0.48872948,-0.07369102,0.071047954,0.015220391539845331,0.00034575470944935954
Kádas Opening,11217,0.42533654,0.49059218,-0.06525564,0.07096372,0.0084987267282885,0.0011481144392816655
Portuguese Opening,3828,0.42842215,0.48123944,-0.05281729,0.04911181,0.014775567027561864,0.0003918143954328444
"London System, with Bd3",3212,0.44504982,0.49771932,-0.052669514,0.043897882,0.016474932726037485,0.00032876380306434065
Benko Gambit Accepted,3815,0.465924,0.51587945,-0.04995546,0.05740498,0.014849168681215472,0.00039048378228221037
Clemenz Opening,6859,0.44467124,0.49392316,-0.049251918,0.065607235,0.011010000534446335,0.00070205196924605
Ware Opening,9241,0.45758036,0.4997429,-0.042162534,0.058759876,0.009514523845174839,0.0009458612403852964
Benko Gambit,4302,0.45467225,0.49626878,-0.041596495,0.043235704,0.014123513582895458,0.00044033059800211506
Amazon Attack,2967,0.45534208,0.49637544,-0.04103336,0.040444896,0.017087518804996187,0.0003036868629177767
Barnes Opening,12411,0.46744823,0.5073596,-0.03991141,0.047135606,0.008326127329764987,0.0012703261394245119
Danish Gambit Declined,2130,0.47934273,0.5126387,-0.033295956,0.03943662,0.020471965645117912,0.00021801584698849492
King's Pawn Opening,4996,0.4793835,0.5110177,-0.031634208,0.036429144,0.013368107785806318,0.0005113648692744228
East Indian Defense,9644,0.48112816,0.5050572,-0.02392907,0.05350477,0.00935403351946457,0.0009871102480549507
Pterodactyl Defense,4171,0.49064973,0.51351804,-0.022868328,0.04723088,0.014360625931495851,0.00042692211163803393
Paleface Attack,2184,0.4734432,0.49529672,-0.021853464,0.045787547,0.019949938935804108,0.0002235430093065131
Lion Defense,5352,0.4934604,0.51359516,-0.0201348,0.039237667,0.012722061896969285,0.0005478031986302464
Anderssen's Opening,7861,0.49402112,0.51325417,-0.019233046,0.052029002,0.010439577771188792,0.0008046115367026095
Van't Kruijs Opening,167015,0.4849265,0.50368696,-0.018760428,0.038403735,0.0022781359692872686,0.017094796565626045
Blackmar-Diemer Gambit,21384,0.49200338,0.5103444,-0.018340988,0.03862701,0.006420331699604745,0.0021887562779351996
Latvian Gambit Accepted,6156,0.49480182,0.5113287,-0.0165269,0.032163743,0.011950089129500574,0.0006300965042540725
Grob Opening,24387,0.4923935,0.50811064,-0.015717141,0.0398573,0.00598034373928654,0.002496127915731655
Caro-Kann Defense,362825,0.4938083,0.5068582,-0.013049942,0.04408186,0.001548090927154858,0.037136901259906416
Englund Gambit,84567,0.5115589,0.5236659,-0.012107053,0.035876878,0.0032312413817920916,0.008655843254589695
Benoni Defense,131370,0.497214,0.50905704,-0.011843017,0.039643753,0.0025803001439884373,0.01344635766144534
French Defense,626291,0.50140667,0.5127099,-0.011303201,0.04132424,0.0011805523331182624,0.06410392620951712
Saragossa Opening,27029,0.49957454,0.5104314,-0.010856909,0.04040105,0.005661240192302002,0.0027665494498835814
Mieses Opening,65037,0.4982087,0.5088887,-0.010680011,0.040561527,0.0036390988272337016,0.006656852882906452
London System,19719,0.49677977,0.5074413,-0.010661493,0.04888686,0.006608703799188523,0.0020183354397963057
Sicilian Defense,1160230,0.4977707,0.5077932,-0.010022459,0.04091861,0.0008688139186407094,0.11875517659693026
Elephant Gambit,26608,0.510448,0.52001053,-0.009562519,0.03743235,0.005735568260926709,0.002723458054774588
Tarrasch Defense,10831,0.51458776,0.52391493,-0.00932716,0.04957991,0.008953680634740713,0.0011086054641936095
Richter-Veresov Attack,6688,0.506878,0.5158486,-0.008970543,0.048444975,0.011425122948027566,0.0006845492885723258
King's Indian Defense,100182,0.5102663,0.5188899,-0.0086235935,0.047663253,0.0029417873014839107,0.010254114358216618
Scandinavian Defense,473067,0.5077748,0.5160834,-0.0083086295,0.04180169,0.0013617621843232445,0.04842070548699827
Grünfeld Defense,21908,0.50095856,0.5091613,-0.0082027195,0.056052584,0.006260232647633036,0.002242390223391524
Ponziani Opening,26041,0.507949,0.5161347,-0.00818566,0.037594564,0.005837361911196275,0.002665422850435397
Modern Defense,210535,0.5065025,0.5135623,-0.0070598475,0.039428122,0.0020412943815414334,0.021549279974517735
Van Geet Opening,37962,0.5051894,0.5114249,-0.0062354966,0.043148413,0.004759876667519762,0.003885595109566781
Old Indian Defense,28081,0.5143157,0.52014786,-0.0058320942,0.04070368,0.005564286291705504,0.002874226760227195
Englund Gambit Declined,42704,0.51478785,0.52050185,-0.0057140393,0.03557044,0.00453222179687862,0.00437096184497497
Bird Opening,92752,0.50855505,0.514056,-0.0055009397,0.040743057,0.003073162087936282,0.009493617765200413
"London System, with Be2",3371,0.5041531,0.50939274,-0.0052396464,0.05843963,0.015897554971055227,0.00034503822544517196
Alekhine Defense,99503,0.5049094,0.5091098,-0.0042003533,0.041747484,0.0029489912805087857,0.010184615409810426
Three Knights Opening,56299,0.5069273,0.510894,-0.003966723,0.04293149,0.003942614153002376,0.005762476135964918
English Defense,51473,0.5190974,0.52150774,-0.0024103175,0.036504574,0.004144353700512898,0.005268511592506478
King's Gambit Declined,48842,0.52448714,0.52621293,-0.0017257824,0.031120757,0.00426241747667,0.004999215961789703
Indian Defense,209584,0.5058473,0.5074084,-0.001561053,0.04392034,0.00203498774406453,0.02145194050480597
King's Pawn Game,319798,0.5160367,0.5173781,-0.0013414074,0.03947179,0.0016537837152475138,0.032732878795881076
Pirc Defense,158828,0.50934345,0.5105861,-0.001242652,0.040609967,0.0023395838494519807,0.016256817345299844
Owen Defense,108794,0.5178778,0.51818556,-0.00030775098,0.03483648,0.002855763614706288,0.011135594393082777
Zukertort Opening,233385,0.517996,0.51815253,-0.00015652004,0.04152366,0.0019238930090678657,0.023888088473901354
Petrov's Defense,175093,0.52590054,0.5254633,0.0004372194,0.03889933,0.002242344934845652,0.01792161910645847
Trompowsky Attack,19557,0.5195071,0.5189664,0.00054069393,0.053075626,0.006599543378426472,0.002001753952842251
Latvian Gambit,7770,0.51776063,0.516477,0.0012836213,0.032432433,0.01064803618171861,0.0007952972446481716
Nimzo-Larsen Attack,140839,0.5209672,0.51956296,0.001404274,0.03991082,0.002489692549104404,0.014415555809395603
Gunderam Defense,3598,0.5361312,0.53421813,0.0019130325,0.034463592,0.015543295765237239,0.0003682727781523966
Neo-Grünfeld Defense,6294,0.53026694,0.528108,0.0021589345,0.06593581,0.011450328457455137,0.0006442214746223413
Hungarian Opening,150253,0.5193207,0.51711243,0.0022082936,0.041203838,0.0024065387550767036,0.015379124440170106
Queen's Indian Defense,8336,0.5167946,0.51431537,0.0024792305,0.06621881,0.010061900830337684,0.0008532300941296214
Dutch Defense,53199,0.5184496,0.5159169,0.0025326824,0.04454971,0.004049229260334854,0.005445176076967578
Blackmar-Diemer Gambit Declined,4017,0.5197909,0.51686084,0.002930078,0.039332837,0.014695674189354163,0.000411159463545908
Nimzowitsch Defense,111924,0.52522695,0.522238,0.002988947,0.03794539,0.0027969419672804786,0.011455965097812349
Four Knights Game,131424,0.5173332,0.5139425,0.0033907203,0.04531897,0.0025635625651372366,0.013451884823763359
Czech Defense,3825,0.5156863,0.51208454,0.0036017734,0.045751635,0.014970895158931699,0.00039150733085962114
Center Game,65732,0.5220821,0.5183117,0.0037703791,0.036192417,0.0036647465625860333,0.006727989509036501
Slav Indian,2867,0.5237182,0.51990396,0.0038141883,0.045692362,0.017366861427538433,0.00029345137714366896
Rat Defense,41862,0.52853423,0.5244874,0.0040468783,0.03958244,0.004567365754898253,0.004284779054756983
Torre Attack,10361,0.5203166,0.5158574,0.0044592014,0.052504584,0.009089509169992918,0.001060498681055303
Nimzo-Indian Defense,33661,0.5165622,0.51195097,0.004611241,0.04699801,0.00508028478243869,0.003445366866422407
Danish Gambit,6475,0.53405404,0.5291322,0.004921851,0.036447875,0.011676436829973989,0.0006627477038734763
Mexican Defense,2558,0.5377248,0.5323648,0.00536003,0.032447223,0.01823236113851788,0.000261823726101676
"King's Indian Attack, with Bf5",2100,0.5169048,0.5113989,0.005505826,0.06333333,0.01982083464369474,0.00021494520125626257
Bishop's Opening,167020,0.5249252,0.5193288,0.0055963974,0.037636213,0.0022848059930792525,0.01709530833991475
Polish Opening,33074,0.5196529,0.51393324,0.0057196817,0.041240852,0.005129309237204027,0.0033852845649283946
"Polish Opening, with d5",6806,0.5238025,0.51743674,0.006365774,0.036144577,0.01136612092344877,0.0006966271617857729
Italian Game,444721,0.52872586,0.522283,0.00644289,0.037981115,0.0014009538544673232,0.045519354689469695
"Rapport-Jobava System, with e6",6880,0.5235465,0.51643413,0.0071123713,0.03866279,0.011373121669884374,0.0007042014212586126
Vienna Game,93821,0.52902335,0.5213761,0.007647311,0.037827354,0.003054843788445265,0.009603035108125624
Queen's Pawn Game,848971,0.52538955,0.5174658,0.007923778,0.04357157,0.0010129302982474935,0.08689630593130024
Carr Defense,4295,0.5372526,0.529216,0.008036638,0.037951104,0.01420549282040996,0.00043961411399792754
English Opening,356979,0.5307245,0.52111125,0.009613254,0.044257507,0.0015597378091038348,0.036538534761552076
Duras Gambit,10509,0.52840424,0.518698,0.009706233,0.029688839,0.009192672142517419,0.0010756472000009827
Philidor Defense,224004,0.53412664,0.52423257,0.009894043,0.042164426,0.001978405445196692,0.022927897553432306
Horwitz Defense,127206,0.5330645,0.5231244,0.009940092,0.038079966,0.002619760993399942,0.013020152033811494
St. George Defense,13528,0.52979004,0.518965,0.010825047,0.035481963,0.008048425456690461,0.0013846565155212953
King's Knight Opening,38509,0.5321613,0.5210007,0.011160648,0.04025033,0.004747204355504698,0.00394158321675115
Ruy Lopez,207176,0.5365414,0.5253509,0.011190494,0.04501004,0.002050866479348391,0.021205470007365456
Slav Defense,109793,0.531951,0.5204417,0.011509312,0.04808139,0.002809708696964141,0.011237846895966113
Semi-Slav Defense,48736,0.53538454,0.5228409,0.012543625,0.046639036,0.004216588302357427,0.004988366346869149
Yusupov-Rubinstein System,4344,0.51818603,0.50546235,0.012723613,0.040515654,0.01405784743870652,0.0004446295020272403
Bogo-Indian Defense,3288,0.5383212,0.52510655,0.013214638,0.06508516,0.01600090618168609,0.00033654277225266254
King's Indian Attack,40183,0.5390588,0.52367234,0.015386481,0.05081751,0.004598322957015975,0.004112925248609714
Queen's Gambit Declined,304473,0.5420464,0.5259828,0.0160636,0.042969327,0.0016934189016446458,0.031164290600999064
Catalan Opening,9610,0.55244535,0.53531533,0.017130017,0.0628512,0.009314550978214202,0.000983630182891754
Rapport-Jobava System,20970,0.52892226,0.51147544,0.017446814,0.041344777,0.006466869779956851,0.0021463813668303935
King's Gambit Accepted,80377,0.5492803,0.5292995,0.019980725,0.029573137,0.003320550435847694,0.00822697640065458
Mikenas Defense,19507,0.5467781,0.5260318,0.02074631,0.040908393,0.006634207124625189,0.0019966362099551973
"Vienna Gambit, with Max Lange Defense",6991,0.55836076,0.5367317,0.021629034,0.03647547,0.01112968438342417,0.0007155628104678723
Scotch Game,168467,0.5475375,0.5255647,0.021972813,0.042584006,0.0022743474606995015,0.01724341581906609
Goldsmith Defense,4961,0.5554324,0.53341544,0.022016937,0.036081437,0.013189975321193776,0.0005077824492534851
Polish Defense,3923,0.5439715,0.5215937,0.022377754,0.04690288,0.014761714931059995,0.0004015381069182467
Borg Defense,5571,0.54631126,0.52389324,0.022418018,0.0364387,0.01240169155269029,0.0005702189124755423
Canard Opening,3289,0.5212831,0.49778447,0.02349858,0.049559135,0.016182911800752795,0.00033664512711040364
King's Gambit,19663,0.561842,0.53816473,0.02367727,0.033514723,0.006669997233883906,0.0020126035677628055
"King's Indian Attack, with e6",8024,0.54928964,0.5249669,0.024322731,0.050972085,0.010228821173778062,0.0008212953785144052
Réti Opening,13633,0.5620553,0.5369295,0.025125828,0.048045184,0.007910626153856052,0.0013954037755841084
Kangaroo Defense,2004,0.5768463,0.5405407,0.03630563,0.04291417,0.02072175679032507,0.00020511913491311914
Blackmar-Diemer Gambit Accepted,8212,0.55790305,0.5165872,0.041315876,0.032026302,0.010391269997640375,0.0008405380917697278
Queen's Gambit Accepted,98393,0.57314545,0.53153896,0.04160648,0.039179616,0.00296816405714729,0.01007100151771783
Barnes Defense,5602,0.57265264,0.5271976,0.04545499,0.034273475,0.01240170808901527,0.0005733919130655157
Danish Gambit Accepted,20005,0.5764059,0.5292159,0.04719003,0.029892527,0.006604136976901876,0.002047608929110254
Queen's Gambit,5796,0.58350587,0.53576857,0.04773727,0.034506556,0.012199542581610143,0.0005932487554672848
Ware Defense,6251,0.59422493,0.53411984,0.060105074,0.04143337,0.011510973471114863,0.0006398202157394749
