position,origin,month,h,last_share,forecast,lo95,hi95
1.e4,2026-05,2026-06,1,58.2287,58.1929,57.6957,58.6901
1.e4,2026-05,2026-07,2,58.2287,58.1893,57.3339,59.0447
1.e4,2026-05,2026-08,3,58.2287,58.1796,57.1079,59.2513
1.e4,2026-05,2026-09,4,58.2287,58.1821,56.9244,59.4399
1.e4,2026-05,2026-10,5,58.2287,58.1872,56.7690,59.6053
1.e4,2026-05,2026-11,6,58.2287,58.1951,56.6326,59.7576
1.e4,2026-05,2026-12,7,58.2287,58.1974,56.5029,59.8920
1.e4,2026-05,2027-01,8,58.2287,58.2164,56.3994,60.0334
1.e4,2026-05,2027-02,9,58.2287,58.2236,56.2918,60.1553
1.e4,2026-05,2027-03,10,58.2287,58.2122,56.1722,60.2522
1.e4,2026-05,2027-04,11,58.2287,58.1999,56.0570,60.3427
1.e4,2026-05,2027-05,12,58.2287,58.1871,55.9461,60.4280
1.d4,2026-05,2026-06,1,25.5621,25.5699,25.2554,25.8844
1.d4,2026-05,2026-07,2,25.5621,25.5622,25.0702,26.0542
1.d4,2026-05,2026-08,3,25.5621,25.5506,24.9389,26.1623
1.d4,2026-05,2026-09,4,25.5621,25.5497,24.8364,26.2631
1.d4,2026-05,2026-10,5,25.5621,25.5580,24.7562,26.3599
1.d4,2026-05,2026-11,6,25.5621,25.5668,24.6852,26.4483
1.d4,2026-05,2026-12,7,25.5621,25.5729,24.6183,26.5275
1.d4,2026-05,2027-01,8,25.5621,25.5842,24.5617,26.6067
1.d4,2026-05,2027-02,9,25.5621,25.5869,24.5007,26.6730
1.d4,2026-05,2027-03,10,25.5621,25.5773,24.4311,26.7236
1.d4,2026-05,2027-04,11,25.5621,25.5598,24.3564,26.7631
1.d4,2026-05,2027-05,12,25.5621,25.5443,24.2865,26.8022
Sicilian,2026-05,2026-06,1,9.4336,9.4271,9.1925,9.6618
Sicilian,2026-05,2026-07,2,9.4336,9.4270,9.0378,9.8162
Sicilian,2026-05,2026-08,3,9.4336,9.4303,8.9496,9.9110
Sicilian,2026-05,2026-09,4,9.4336,9.4344,8.8715,9.9972
Sicilian,2026-05,2026-10,5,9.4336,9.4298,8.7972,10.0624
Sicilian,2026-05,2026-11,6,9.4336,9.4261,8.7301,10.1222
Sicilian,2026-05,2026-12,7,9.4336,9.4204,8.6664,10.1743
Sicilian,2026-05,2027-01,8,9.4336,9.4307,8.6229,10.2385
Sicilian,2026-05,2027-02,9,9.4336,9.4265,8.5683,10.2847
Sicilian,2026-05,2027-03,10,9.4336,9.4218,8.5160,10.3276
Sicilian,2026-05,2027-04,11,9.4336,9.4293,8.4783,10.3804
Sicilian,2026-05,2027-05,12,9.4336,9.4299,8.4356,10.4242
French,2026-05,2026-06,1,5.9086,5.8909,5.7840,5.9977
French,2026-05,2026-07,2,5.9086,5.8970,5.7151,6.0788
French,2026-05,2026-08,3,5.9086,5.8958,5.6610,6.1305
French,2026-05,2026-09,4,5.9086,5.8914,5.6137,6.1692
French,2026-05,2026-10,5,5.9086,5.8912,5.5763,6.2062
French,2026-05,2026-11,6,5.9086,5.8922,5.5440,6.2403
French,2026-05,2026-12,7,5.9086,5.8927,5.5142,6.2712
French,2026-05,2027-01,8,5.9086,5.8881,5.4815,6.2947
French,2026-05,2027-02,9,5.9086,5.8857,5.4529,6.3185
French,2026-05,2027-03,10,5.9086,5.8834,5.4258,6.3409
French,2026-05,2027-04,11,5.9086,5.8802,5.3991,6.3612
French,2026-05,2027-05,12,5.9086,5.8733,5.3699,6.3767
Caro-Kann,2026-05,2026-06,1,5.3080,5.3277,5.2247,5.4307
Caro-Kann,2026-05,2026-07,2,5.3080,5.3471,5.1970,5.4971
Caro-Kann,2026-05,2026-08,3,5.3080,5.3657,5.1766,5.5548
Caro-Kann,2026-05,2026-09,4,5.3080,5.3840,5.1595,5.6085
Caro-Kann,2026-05,2026-10,5,5.3080,5.4023,5.1445,5.6601
Caro-Kann,2026-05,2026-11,6,5.3080,5.4216,5.1317,5.7114
Caro-Kann,2026-05,2026-12,7,5.3080,5.4375,5.1164,5.7585
Caro-Kann,2026-05,2027-01,8,5.3080,5.4551,5.1035,5.8067
Caro-Kann,2026-05,2027-02,9,5.3080,5.4724,5.0906,5.8542
Caro-Kann,2026-05,2027-03,10,5.3080,5.4884,5.0767,5.9001
Caro-Kann,2026-05,2027-04,11,5.3080,5.5086,5.0672,5.9500
Caro-Kann,2026-05,2027-05,12,5.3080,5.5279,5.0569,5.9988
Scandinavian,2026-05,2026-06,1,6.5499,6.5480,6.4132,6.6827
Scandinavian,2026-05,2026-07,2,6.5499,6.5483,6.3398,6.7568
Scandinavian,2026-05,2026-08,3,6.5499,6.5485,6.2906,6.8065
Scandinavian,2026-05,2026-09,4,6.5499,6.5486,6.2481,6.8490
Scandinavian,2026-05,2026-10,5,6.5499,6.5475,6.2102,6.8848
Scandinavian,2026-05,2026-11,6,6.5499,6.5479,6.1773,6.9185
Scandinavian,2026-05,2026-12,7,6.5499,6.5488,6.1477,6.9500
Scandinavian,2026-05,2027-01,8,6.5499,6.5487,6.1191,6.9782
Scandinavian,2026-05,2027-02,9,6.5499,6.5486,6.0925,7.0047
Scandinavian,2026-05,2027-03,10,6.5499,6.5489,6.0676,7.0302
Scandinavian,2026-05,2027-04,11,6.5499,6.5479,6.0427,7.0530
Scandinavian,2026-05,2027-05,12,6.5499,6.5472,6.0192,7.0751
Italian,2026-05,2026-06,1,3.9719,3.9811,3.8515,4.1107
Italian,2026-05,2026-07,2,3.9719,3.9786,3.7434,4.2137
Italian,2026-05,2026-08,3,3.9719,3.9747,3.6600,4.2893
Italian,2026-05,2026-09,4,3.9719,3.9698,3.5907,4.3489
Italian,2026-05,2026-10,5,3.9719,3.9698,3.5354,4.4041
Italian,2026-05,2026-11,6,3.9719,3.9702,3.4869,4.4536
Italian,2026-05,2026-12,7,3.9719,3.9713,3.4435,4.4991
Italian,2026-05,2027-01,8,3.9719,3.9738,3.4050,4.5427
Italian,2026-05,2027-02,9,3.9719,3.9760,3.3689,4.5831
Italian,2026-05,2027-03,10,3.9719,3.9724,3.3293,4.6155
Italian,2026-05,2027-04,11,3.9719,3.9728,3.2957,4.6500
Italian,2026-05,2027-05,12,3.9719,3.9749,3.2654,4.6845
Ruy Lopez,2026-05,2026-06,1,1.7382,1.7406,1.6188,1.8624
Ruy Lopez,2026-05,2026-07,2,1.7382,1.7406,1.5375,1.9437
Ruy Lopez,2026-05,2026-08,3,1.7382,1.7425,1.4879,1.9971
Ruy Lopez,2026-05,2026-09,4,1.7382,1.7431,1.4448,2.0414
Ruy Lopez,2026-05,2026-10,5,1.7382,1.7433,1.4071,2.0795
Ruy Lopez,2026-05,2026-11,6,1.7382,1.7427,1.3724,2.1129
Ruy Lopez,2026-05,2026-12,7,1.7382,1.7427,1.3412,2.1441
Ruy Lopez,2026-05,2027-01,8,1.7382,1.7416,1.3112,2.1720
Ruy Lopez,2026-05,2027-02,9,1.7382,1.7416,1.2841,2.1990
Ruy Lopez,2026-05,2027-03,10,1.7382,1.7418,1.2587,2.2248
Ruy Lopez,2026-05,2027-04,11,1.7382,1.7426,1.2352,2.2500
Ruy Lopez,2026-05,2027-05,12,1.7382,1.7420,1.2115,2.2726
Queen's Gambit,2026-05,2026-06,1,3.5994,3.6007,3.5053,3.6960
Queen's Gambit,2026-05,2026-07,2,3.5994,3.5999,3.4654,3.7343
Queen's Gambit,2026-05,2026-08,3,3.5994,3.6023,3.4378,3.7668
Queen's Gambit,2026-05,2026-09,4,3.5994,3.6027,3.4128,3.7926
Queen's Gambit,2026-05,2026-10,5,3.5994,3.6014,3.3892,3.8136
Queen's Gambit,2026-05,2026-11,6,3.5994,3.5989,3.3665,3.8313
Queen's Gambit,2026-05,2026-12,7,3.5994,3.5990,3.3481,3.8500
Queen's Gambit,2026-05,2027-01,8,3.5994,3.5986,3.3303,3.8668
Queen's Gambit,2026-05,2027-02,9,3.5994,3.5982,3.3137,3.8828
Queen's Gambit,2026-05,2027-03,10,3.5994,3.5978,3.2979,3.8977
Queen's Gambit,2026-05,2027-04,11,3.5994,3.6040,3.2894,3.9185
Queen's Gambit,2026-05,2027-05,12,3.5994,3.6030,3.2745,3.9315
London vs 1...d5,2026-05,2026-06,1,2.1079,2.1370,2.0744,2.1997
London vs 1...d5,2026-05,2026-07,2,2.1079,2.1485,2.0455,2.2515
London vs 1...d5,2026-05,2026-08,3,2.1079,2.1515,2.0148,2.2883
London vs 1...d5,2026-05,2026-09,4,2.1079,2.1537,1.9880,2.3193
London vs 1...d5,2026-05,2026-10,5,2.1079,2.1531,1.9622,2.3440
London vs 1...d5,2026-05,2026-11,6,2.1079,2.1519,1.9384,2.3654
London vs 1...d5,2026-05,2026-12,7,2.1079,2.1557,1.9216,2.3898
London vs 1...d5,2026-05,2027-01,8,2.1079,2.1494,1.8964,2.4024
London vs 1...d5,2026-05,2027-02,9,2.1079,2.1503,1.8797,2.4209
London vs 1...d5,2026-05,2027-03,10,2.1079,2.1532,1.8660,2.4403
London vs 1...d5,2026-05,2027-04,11,2.1079,2.1581,1.8553,2.4610
London vs 1...d5,2026-05,2027-05,12,2.1079,2.1706,1.8529,2.4883
King's Indian,2026-05,2026-06,1,0.5555,0.5552,0.5231,0.5873
King's Indian,2026-05,2026-07,2,0.5555,0.5551,0.5032,0.6071
King's Indian,2026-05,2026-08,3,0.5555,0.5551,0.4882,0.6220
King's Indian,2026-05,2026-09,4,0.5555,0.5551,0.4759,0.6343
King's Indian,2026-05,2026-10,5,0.5555,0.5551,0.4653,0.6449
King's Indian,2026-05,2026-11,6,0.5555,0.5551,0.4558,0.6544
King's Indian,2026-05,2026-12,7,0.5555,0.5551,0.4471,0.6631
King's Indian,2026-05,2027-01,8,0.5555,0.5551,0.4391,0.6711
King's Indian,2026-05,2027-02,9,0.5555,0.5551,0.4316,0.6786
King's Indian,2026-05,2027-03,10,0.5555,0.5551,0.4245,0.6857
King's Indian,2026-05,2027-04,11,0.5555,0.5551,0.4178,0.6924
King's Indian,2026-05,2027-05,12,0.5555,0.5551,0.4114,0.6988
King's Gambit,2026-05,2026-06,1,1.2996,1.2974,1.2535,1.3412
King's Gambit,2026-05,2026-07,2,1.2996,1.2980,1.2252,1.3707
King's Gambit,2026-05,2026-08,3,1.2996,1.2974,1.2056,1.3891
King's Gambit,2026-05,2026-09,4,1.2996,1.2985,1.1909,1.4061
King's Gambit,2026-05,2026-10,5,1.2996,1.2991,1.1777,1.4205
King's Gambit,2026-05,2026-11,6,1.2996,1.2980,1.1643,1.4318
King's Gambit,2026-05,2026-12,7,1.2996,1.2969,1.1519,1.4420
King's Gambit,2026-05,2027-01,8,1.2996,1.2975,1.1420,1.4531
King's Gambit,2026-05,2027-02,9,1.2996,1.2973,1.1319,1.4627
King's Gambit,2026-05,2027-03,10,1.2996,1.2972,1.1226,1.4719
King's Gambit,2026-05,2027-04,11,1.2996,1.2963,1.1129,1.4798
King's Gambit,2026-05,2027-05,12,1.2996,1.2955,1.1036,1.4874
