model,games,after_move,test_games,log_loss,rps,accuracy
ratings and speed,all games,15,500000,0.8150573402296639,0.2369508926671407,0.548814
+ material,all games,15,500000,0.7921138963734452,0.2271327293633639,0.583102
+ material + clocks,all games,15,500000,0.7684937974351866,0.21763668622528023,0.61323
ratings and speed,engine-analysed games,15,184922,0.787839312742962,0.24218268775998716,0.54078476330561
+ material,engine-analysed games,15,184922,0.7535520010780787,0.22718553329782812,0.595023847892625
+ material + clocks,engine-analysed games,15,184922,0.7364303243806638,0.22036311501006609,0.6138750392057192
+ material + engine evaluation,engine-analysed games,15,184922,0.7075769808840341,0.20767205445892337,0.6501443852002466
+ material + engine evaluation + clocks,engine-analysed games,15,184922,0.6899543919580423,0.2007317796298948,0.6664972258573886
ratings and speed,all games,20,500000,0.8262902779515875,0.23768534958186577,0.54395
+ material,all games,20,500000,0.782182606837479,0.21901888549799875,0.608122
+ material + clocks,all games,20,500000,0.739239929668319,0.20221097494080215,0.651154
ratings and speed,engine-analysed games,20,164271,0.7966935775087435,0.24262170416057977,0.5374411795143391
+ material,engine-analysed games,20,164271,0.7291466827956009,0.21352404202962055,0.6316635316032654
+ material + clocks,engine-analysed games,20,164271,0.6972237414787527,0.20082891149195986,0.6612244401020265
+ material + engine evaluation,engine-analysed games,20,164271,0.6677146436224926,0.1885297769222024,0.6910897236882956
+ material + engine evaluation + clocks,engine-analysed games,20,164271,0.6350167135049595,0.17606899389408062,0.7154823432011737
ratings and speed,all games,25,500000,0.8439832712061313,0.23804601738975398,0.53832
+ material,all games,25,500000,0.7768357652114429,0.21009331776130083,0.629342
+ material + clocks,all games,25,500000,0.7077420910150537,0.18402556823610428,0.686342
ratings and speed,engine-analysed games,25,129344,0.8173624427062247,0.24328706048242324,0.5310721796140524
+ material,engine-analysed games,25,129344,0.7184731779137121,0.20150912134654905,0.6587085601187531
+ material + clocks,engine-analysed games,25,129344,0.6704360961506447,0.1830953766808816,0.6966074962889659
+ material + engine evaluation,engine-analysed games,25,129344,0.6505823849072352,0.17525943054214385,0.7148070262246413
+ material + engine evaluation + clocks,engine-analysed games,25,129344,0.601515168358662,0.15726551304860303,0.7466059500247402
