series,event,level,level_ci,slope,slope_ci
QG share,2020-11,0.008585500426579129,0.11276738946109505,0.015748937535304666,0.0073356583308479785
QG share,2017-11,0.22426751223203223,0.1493078134675767,-0.010687358532451115,0.007915436279380633
QG share,2018-11,-0.13237980840955688,0.10031465947258869,-0.029482810609913816,0.005688116432030216
QG share,2019-11,-0.0807188195551535,0.06428250836624663,0.0005989014022526344,0.007039520908166797
QG share,2021-11,0.09416241358632771,0.12197772029698778,0.0060749932172908,0.005257148819206511
QG share,2022-11,-0.003779176368345717,0.08972372844524586,-0.0094329587031914,0.00813981860024542
QG share,2023-11,-0.09095283555457583,0.0678391112053704,0.002484516205678745,0.00423000066333359
QG share (under_1600),2020-11,0.05556536243013116,0.2264379499971359,0.027361895579954082,0.014714277998651316
QG share (1600_1999),2020-11,-0.10992516000489588,0.10584566310829369,-0.0005035149144787532,0.005365042757096354
QG share (2000_plus),2020-11,0.044459004977207395,0.12481201996625009,-0.008196968225608448,0.0092568820867881
log games per month,2020-03,0.30567893282032127,0.07768127632387076,-0.021878135141537223,0.009013505307520696
