white_setup,black_setup,games,white_score,expected,excess,draw_rate,ci95,share
Alapin Sicilian,Sicilian Defence,48876,0.5221581,0.51312363,0.009034485,0.043334153,0.004224486944645648,0.0050026960269529
Bird Opening,Flank: 1...Nf6,4610,0.49186552,0.5103468,-0.01848131,0.044902384,0.013662881352080235,0.0004718558941863669
Bird Opening,Flank: 1...d5,31684,0.5172169,0.5151207,0.0020962274,0.041819215,0.005264919460489509,0.003243011312668297
Bird Opening,King's Indian Defence,2324,0.47418246,0.502879,-0.028696615,0.042168673,0.01939578763415302,0.00023787268939026393
Bird Opening,Other defence,31229,0.5152743,0.516717,-0.0014427624,0.042044252,0.005290478078422209,0.003196439852396107
Bird Opening,Reversed Sicilian (1...e5),9289,0.48369038,0.5032151,-0.019524688,0.03531058,0.009680057739240754,0.0009507742735568682
Bird Opening,Symmetrical (1...c5),9891,0.5018704,0.5105409,-0.008670546,0.038418766,0.009455433143353405,0.0010123918979169967
Bishop's Opening,Open Game: 1...e5 (other),235495,0.5232404,0.5181929,0.005047539,0.03710907,0.0019259519781442082,0.02410405722373503
Blackmar-Diemer Gambit,Queen's Pawn: 1...d5 (other),23444,0.51537704,0.513945,0.0014320413,0.037237674,0.006133327596989064,0.002399607284881819
Catalan,Queen's Gambit Accepted,2243,0.59317875,0.5455219,0.047656864,0.03878734,0.019299479403774352,0.00022958194591323665
Catalan,Queen's Gambit Declined,11201,0.5552183,0.53646994,0.018748388,0.05981609,0.008662962458715017,0.0011464767615578081
Catalan,Queen's Pawn: 1...d5 (other),3265,0.5542113,0.53332734,0.020883959,0.038897395,0.01629932738024435,0.00033418861052461775
Catalan,Semi-Slav Defence,5635,0.56370896,0.5331139,0.030595044,0.053061225,0.01225433972620031,0.0005767696233709712
Catalan,Slav Defence,3720,0.53319895,0.5238961,0.009302854,0.0577957,0.015115328276612834,0.000380760070796808
Closed Sicilian,Sicilian Defence,64641,0.50939804,0.50849575,0.0009023574,0.04207856,0.003663312319196582,0.006616320359240985
Colle / Zukertort,Indian Defence (other),8832,0.53606206,0.5092165,0.02684556,0.043591484,0.009882658804609888,0.0009039981035691958
Colle / Zukertort,King's Indian Defence,7460,0.46206436,0.4987993,-0.03673494,0.044235926,0.010762767154334614,0.0007635672387484375
Colle / Zukertort,Modern Defence (vs 1.d4),4555,0.4967069,0.5116495,-0.014942581,0.04456641,0.013810441692320184,0.00046622637701060766
Colle / Zukertort,Other vs 1.d4,13882,0.5235917,0.51809067,0.0055010575,0.031767756,0.007920424044175823,0.0014208901351616368
Colle / Zukertort,Queen's Indian Defence,3240,0.5060185,0.5077253,-0.0017067922,0.042901233,0.01640159441381036,0.0003316297390810908
Colle / Zukertort,Queen's Pawn: 1...d5 (other),73404,0.5347597,0.51705974,0.017699933,0.04221841,0.0034357176167862454,0.007513255977626047
English Opening,Flank: 1...Nf6,33348,0.52394444,0.51649374,0.007450717,0.050947584,0.005083214803629245,0.0034133297959494497
English Opening,Flank: 1...d5,29595,0.5501605,0.5249311,0.025229443,0.038722757,0.005454785908505714,0.0030291920148471864
English Opening,King's Indian Defence,20737,0.528548,0.5163233,0.012224664,0.05174326,0.006435987055756949,0.0021225326849767224
English Opening,Nimzo-Indian Defence,3780,0.53862435,0.52374274,0.014881612,0.04232804,0.015151616739427819,0.00038690136226127267
English Opening,Other defence,77133,0.5212166,0.5192056,0.002011059,0.04599847,0.003348043816746383,0.007894937242142524
English Opening,Reversed Sicilian (1...e5),98457,0.5352692,0.5234009,0.011868315,0.040525306,0.002977352059404613,0.01007755222861326
English Opening,Symmetrical (1...c5),40075,0.5343356,0.52070403,0.013631633,0.046338115,0.004648466419295039,0.004101870923973678
Grand Prix Attack,Sicilian Defence,26243,0.5331517,0.52016306,0.012988656,0.040810883,0.005732204746745469,0.0026860985316990945
Italian Game,Open Game: 1...e5 (other),256606,0.52811897,0.5232085,0.0049104975,0.03891959,0.0018457994863113989,0.026264870625506913
Italian Game,Two Knights Defence,116954,0.5369889,0.52376986,0.01321906,0.03640748,0.002732230937007831,0.011970810032249968
Jobava London,Indian Defence (other),3355,0.5357675,0.5082944,0.02747312,0.0366617,0.016070108122852915,0.00034340054772131475
Jobava London,King's Indian Defence,6608,0.5343523,0.5157438,0.01860852,0.04025424,0.011568474439848372,0.0006763608999530396
Jobava London,Modern Defence (vs 1.d4),3357,0.54215074,0.5132733,0.028877435,0.035746202,0.016267825220380037,0.0003436052574367969
Jobava London,Other vs 1.d4,5029,0.5212766,0.5186368,0.0026397454,0.03797972,0.01317877240827818,0.0005147425795798783
Jobava London,Queen's Pawn: 1...d5 (other),40862,0.5345431,0.5148962,0.019646894,0.04006167,0.004644312078055254,0.004182424197015906
King's Gambit,Open Game: 1...e5 (other),146558,0.54376763,0.5298947,0.013872944,0.030452108,0.0024586881840858435,0.015000923240816824
King's Indian Attack,Flank: 1...Nf6,9018,0.53055,0.5182443,0.012305685,0.05311599,0.009703663195386042,0.0009230361071090362
King's Indian Attack,Flank: 1...d5,31119,0.5351072,0.5215699,0.013537246,0.043446127,0.005261614740727393,0.0031851808180445884
King's Indian Attack,French Defence,4784,0.54149246,0.5289201,0.012572382,0.04368729,0.01340037496248643,0.0004896656394333144
King's Indian Attack,Irregular vs 1.e4,2171,0.53178257,0.5142355,0.01754707,0.040994935,0.020022905928587027,0.00022221239615587908
King's Indian Attack,King's Indian Defence,5766,0.5086715,0.5177767,-0.009105193,0.04925425,0.01212618794128456,0.0005901781097350524
King's Indian Attack,Open Game: 1...e5 (other),3122,0.51505446,0.5120423,0.0030121629,0.050608583,0.01662901638180556,0.0003195518658676437
King's Indian Attack,Other defence,31660,0.54224575,0.52649367,0.015752101,0.041724574,0.005212588861585442,0.003240554796082511
King's Indian Attack,Pirc / Modern Defence,2802,0.49696645,0.5070708,-0.010104364,0.042469665,0.017431950137896262,0.00028679831139049894
King's Indian Attack,Reversed Sicilian (1...e5),10510,0.5318744,0.5264564,0.0054180203,0.035394862,0.009154602783706145,0.0010757495548587236
King's Indian Attack,Sicilian Defence,11842,0.5153268,0.5115465,0.0037803287,0.048218206,0.008541827770331691,0.0012120862253698387
King's Indian Attack,Symmetrical (1...c5),10095,0.5347202,0.5174971,0.01722303,0.044378404,0.009248955641024343,0.0010332722888961765
King's Pawn (1.e4),Alekhine Defence,116800,0.5047774,0.50889426,-0.0041168593,0.041027397,0.0027225968746970677,0.011955047384157843
King's Pawn (1.e4),Caro-Kann Defence,300754,0.48849225,0.5053407,-0.016848454,0.04502018,0.0016999286566137754,0.03078363288506
King's Pawn (1.e4),French Defence,588360,0.5007555,0.512654,-0.011898512,0.04136413,0.0012179108996310903,0.060221504100540314
King's Pawn (1.e4),Irregular vs 1.e4,283797,0.52572787,0.52008194,0.005646,0.0361526,0.0017582936933010817,0.02904800156234455
King's Pawn (1.e4),Open Game: 1...e5 (other),345918,0.51390505,0.51488686,-0.0009818497,0.039257858,0.0015934437131593182,0.03540638768007802
King's Pawn (1.e4),Pirc / Modern Defence,385552,0.5086461,0.5128064,-0.0041603986,0.039597772,0.001505871086973995,0.03946312011178788
King's Pawn (1.e4),Scandinavian Defence,573457,0.50695086,0.51555735,-0.008606541,0.040775508,0.0012380422935739128,0.05869610965562504
King's Pawn (1.e4),Sicilian Defence,554825,0.48523048,0.5019076,-0.016677111,0.037975937,0.0012585673970718207,0.05678903394619328
King's Pawn (1.e4),Two Knights Defence,8928,0.48028675,0.50375223,-0.0234655,0.036962364,0.009859975333393731,0.0009138241699123392
London System,Benoni Defence,7564,0.47269964,0.48475197,-0.012052319,0.049312532,0.010592981153030595,0.0007742121439535096
London System,Bogo-Indian Defence,2977,0.5628149,0.53664577,0.026169123,0.035942223,0.017051241335773838,0.00030471041149518745
London System,Dutch: Classical / other,6550,0.5215267,0.51197636,0.009550338,0.04183206,0.011602084258107851,0.000670424318204057
London System,Dutch: Leningrad,2259,0.49623728,0.49983037,-0.003593094,0.034528553,0.01964635288270471,0.00023121962363709388
London System,Dutch: Stonewall,3500,0.5257143,0.51274604,0.012968261,0.045714285,0.01583630832422064,0.00035824200209377095
London System,Grünfeld Defence,3063,0.52775055,0.50702816,0.020722423,0.053868756,0.016791946832221082,0.0003135129292609201
London System,Indian Defence (other),35843,0.5242725,0.50986516,0.01440735,0.04661998,0.0049150820012876,0.0036687051660134378
London System,King's Indian Defence,33950,0.48340207,0.50512064,-0.021718595,0.048865978,0.005038256100214237,0.0034749474203095783
London System,Modern Defence (vs 1.d4),19795,0.50611264,0.5113834,-0.005270788,0.04400101,0.0066655430042582,0.0020261144089846277
London System,Old Indian Defence,5272,0.52304626,0.5108707,0.012175601,0.04305766,0.012890095767239172,0.0005396148100109601
London System,Other vs 1.d4,63138,0.5255393,0.51734054,0.008198749,0.03758434,0.0037285686696823398,0.006462481008056146
London System,Queen's Indian Defence,10989,0.514469,0.51011884,0.0043502,0.04067704,0.008921120827068847,0.0011247775317166997
London System,Queen's Pawn: 1...d5 (other),313396,0.5363932,0.5194549,0.016938314,0.04456662,0.0016687157084427592,0.0320776029966227
London System,Semi-Slav Defence,2175,0.54413795,0.52536106,0.018776858,0.054712642,0.019920437955214435,0.0002226218155868434
Nimzo-Larsen Attack,Flank: 1...Nf6,12722,0.5080962,0.5151146,-0.0070183994,0.040088035,0.008245900681425996,0.0013021585001819868
Nimzo-Larsen Attack,Flank: 1...d5,31421,0.5189682,0.51789194,0.0010762666,0.040387,0.005290184569842675,0.0032160919850823936
Nimzo-Larsen Attack,King's Indian Defence,7300,0.5137671,0.5169126,-0.003145463,0.0469863,0.010925721931542096,0.0007471904615098652
Nimzo-Larsen Attack,Other defence,36474,0.5275127,0.5217626,0.0057501304,0.041371938,0.0048614826707877885,0.003733291081248058
Nimzo-Larsen Attack,Reversed Sicilian (1...e5),36687,0.52225584,0.52115357,0.0011022635,0.035871018,0.004902497507282453,0.0037550926659469072
Nimzo-Larsen Attack,Symmetrical (1...c5),9394,0.51112413,0.5151031,-0.0039789528,0.03693847,0.00965557348948916,0.0009615215336196813
Open Game: 2.Nf3 (other),Open Game: 1...e5 (other),296493,0.5231641,0.51932204,0.0038421128,0.039161127,0.0017123946629369593,0.030347498836225267
Open Game: 2.Nf3 (other),Petrov Defence,200196,0.5281774,0.5260814,0.002096007,0.039820977,0.002094886313067744,0.020491033100332734
Open Game: 2.Nf3 (other),Philidor Defence,207885,0.535053,0.5248785,0.010174544,0.042326286,0.0020542189721427686,0.02127803960150388
Open Game: 2.Nf3 (other),Two Knights Defence,6395,0.56364346,0.54256904,0.021074427,0.027990617,0.011628811834569899,0.0006545593152541901
Open Sicilian,Sicilian Defence,335811,0.503027,0.51269937,-0.00967235,0.04379249,0.001613461430550771,0.03437188713288895
Other,Flank: 1...Nf6,33662,0.491073,0.50507474,-0.0140017485,0.04375854,0.005043953459877426,0.003445469221280148
Other,Flank: 1...d5,143563,0.4953609,0.5074114,-0.012050497,0.039891895,0.0024630806184471636,0.014694370441882298
Other,King's Indian Defence,20387,0.48521116,0.50735176,-0.022140577,0.042085644,0.006484562859320568,0.0020867084847673452
Other,Other defence,167901,0.5028469,0.51152885,-0.0086819315,0.047331464,0.002256554275096602,0.01718548296958464
Other,Reversed Sicilian (1...e5),177536,0.49371114,0.50981396,-0.016102806,0.038713276,0.0022150519243593378,0.01817167202391992
Other,Symmetrical (1...c5),46562,0.49075428,0.5034959,-0.012741598,0.03880847,0.004325809510041476,0.0047658468861400466
Queen's Gambit,Queen's Gambit Accepted,153991,0.5708288,0.5322972,0.03853162,0.03885292,0.0023733717788910675,0.015761726898406252
Queen's Gambit,Queen's Gambit Declined,161473,0.5369659,0.5245284,0.012437548,0.043295164,0.0023282350824151174,0.016527545944024995
Queen's Gambit,Queen's Pawn: 1...d5 (other),89786,0.5479195,0.5284692,0.019450288,0.038569488,0.0031263891959519277,0.009190033257140377
Queen's Gambit,Semi-Slav Defence,79525,0.5317636,0.5199371,0.011826477,0.046890914,0.00330857426999526,0.008139770061859182
Queen's Gambit,Slav Defence,79369,0.52923685,0.5198682,0.009368655,0.048532803,0.003306038367719864,0.008123802704051573
Queen's Pawn (other),Benoni Defence,12251,0.48069546,0.4952158,-0.014520321,0.049791854,0.00832561123502441,0.0012539493621859395
Queen's Pawn (other),Bogo-Indian Defence,9347,0.52455336,0.5186348,0.0059185554,0.041296672,0.00963332804159926,0.0009567108553058506
Queen's Pawn (other),Dutch: Classical / other,9097,0.5377597,0.51825535,0.019504353,0.04375069,0.00975571649397698,0.0009311221408705813
Queen's Pawn (other),Dutch: Leningrad,2641,0.52536917,0.51160717,0.013761999,0.05187429,0.018033539101377356,0.00027031917929418544
Queen's Pawn (other),Dutch: Stonewall,2789,0.48637503,0.5097603,-0.023385275,0.047687344,0.017434855499067866,0.00028546769823986493
Queen's Pawn (other),Englund Gambit,89605,0.5082752,0.5223041,-0.014028927,0.035868533,0.0031354835628668175,0.009171507027889242
Queen's Pawn (other),Grünfeld Defence,3068,0.4809322,0.4997462,-0.018813994,0.051825292,0.016757523829816195,0.0003140247035496255
Queen's Pawn (other),Indian Defence (other),28493,0.497087,0.5035135,-0.006426531,0.042150702,0.005497853767516438,0.002916396961616519
Queen's Pawn (other),King's Indian Defence,27563,0.4992744,0.5093227,-0.010048279,0.04516925,0.005606919079700281,0.002821206943917317
Queen's Pawn (other),Modern Defence (vs 1.d4),33845,0.5036342,0.5158715,-0.012237339,0.04068548,0.0050734364140561875,0.0034642001602467653
Queen's Pawn (other),Old Indian Defence,2988,0.5125502,0.50759083,0.0049593644,0.04116466,0.017042725942014295,0.0003058363149303393
Queen's Pawn (other),Other vs 1.d4,150739,0.5139048,0.51696694,-0.0030620995,0.041349616,0.0023997974319334937,0.01542886890103227
Queen's Pawn (other),Queen's Indian Defence,11721,0.5057589,0.5145323,-0.008773435,0.040269602,0.008646939573594971,0.0011997012875831685
Queen's Pawn (other),Queen's Pawn: 1...d5 (other),248752,0.50530046,0.5114354,-0.006134935,0.04309915,0.0018717850929645175,0.025460975572808492
Queen's Pawn (other),Semi-Slav Defence,3282,0.5135588,0.51685506,-0.003296263,0.047836684,0.016237602214048626,0.0003359286431062161
Queen's Pawn: d4 + c4,Benko Gambit,8972,0.46633974,0.5074415,-0.041101772,0.04971021,0.009744958609334815,0.0009183277836529466
Queen's Pawn: d4 + c4,Benoni Defence,20088,0.48728096,0.50093275,-0.013651812,0.048337314,0.006541342064473845,0.0020561043823027632
Queen's Pawn: d4 + c4,Bogo-Indian Defence,11109,0.5383923,0.5240462,0.014346106,0.04878927,0.008799952313919454,0.001137060114645629
Queen's Pawn: d4 + c4,Budapest Gambit,21649,0.49704373,0.51144415,-0.014400397,0.04254238,0.006380096760069257,0.002215880315236585
Queen's Pawn: d4 + c4,Dutch: Classical / other,16583,0.51670384,0.51861125,-0.0019074075,0.041186757,0.007301612399881148,0.0016973506059202868
Queen's Pawn: d4 + c4,Dutch: Leningrad,5544,0.51650435,0.51176274,0.004741602,0.049963925,0.012470942857183746,0.0005674553313165333
Queen's Pawn: d4 + c4,Dutch: Stonewall,4290,0.5061771,0.51419663,-0.008019502,0.047785547,0.01415840389577827,0.00043910233970922215
Queen's Pawn: d4 + c4,Englund Gambit,21463,0.5233658,0.5246946,-0.0013288311,0.033639286,0.006433473396751173,0.002196842311696745
Queen's Pawn: d4 + c4,Grünfeld Defence,17539,0.49475455,0.5070361,-0.012281573,0.057985064,0.006970764850999312,0.0017952018499207568
Queen's Pawn: d4 + c4,Indian Defence (other),32971,0.5141033,0.51599854,-0.0018952574,0.044796944,0.0051279506731096375,0.003374742014581064
Queen's Pawn: d4 + c4,King's Indian Defence,90118,0.5038339,0.51631916,-0.012485319,0.04619499,0.0031082665074988226,0.009224015069910415
Queen's Pawn: d4 + c4,Modern Defence (vs 1.d4),47505,0.5081781,0.518775,-0.010596909,0.041174613,0.004296447574762283,0.004862367516989883
Queen's Pawn: d4 + c4,Nimzo-Indian Defence,37183,0.5132991,0.51394135,-0.00064223947,0.045504667,0.004834671124000271,0.003805860675386482
Queen's Pawn: d4 + c4,Old Indian Defence,5494,0.5059155,0.51816374,-0.012248204,0.04641427,0.012503863304329134,0.0005623375884294794
Queen's Pawn: d4 + c4,Other vs 1.d4,137808,0.52383024,0.5227259,0.0011043987,0.03861895,0.002518108670862561,0.014105318235582398
Queen's Pawn: d4 + c4,Queen's Gambit Declined,44286,0.5228289,0.51789635,0.0049325707,0.046741635,0.004420997967503671,0.004532887229921355
Queen's Pawn: d4 + c4,Queen's Indian Defence,21068,0.52930987,0.5202883,0.009021552,0.044949688,0.006440690862474656,0.002156412142889019
Queen's Pawn: kingside fianchetto,Englund Gambit,3727,0.5262946,0.52904063,-0.0027460307,0.044808157,0.015290501422255824,0.00038147655480099557
Queen's Pawn: kingside fianchetto,Indian Defence (other),8153,0.53593767,0.51600903,0.019928686,0.059487306,0.01013652789711383,0.0008344991551630042
Queen's Pawn: kingside fianchetto,King's Indian Defence,8467,0.51057047,0.5155018,-0.004931372,0.051494036,0.009970235415011321,0.0008666385804937026
Queen's Pawn: kingside fianchetto,Modern Defence (vs 1.d4),5683,0.5230512,0.5233071,-0.00025586275,0.04909379,0.01224860726488958,0.000581682656542543
Queen's Pawn: kingside fianchetto,Other vs 1.d4,18296,0.53672934,0.5270098,0.009719576,0.045911673,0.006815131647079178,0.0018726844772307524
Queen's Pawn: kingside fianchetto,Queen's Indian Defence,2808,0.5446937,0.5186476,0.02604613,0.048076924,0.017440554848704198,0.0002874124405369454
Queen's Pawn: kingside fianchetto,Queen's Pawn: 1...d5 (other),57161,0.53524256,0.5219129,0.013329695,0.04831966,0.0038735112712957576,0.0058507060233377265
Rossolimo / Moscow,Sicilian Defence,47032,0.5199545,0.5161082,0.0038462924,0.049179282,0.004299418844610542,0.004813953669278353
Ruy Lopez,Berlin Defence,42076,0.54205483,0.52861166,0.013443173,0.046035744,0.004543367891933701,0.004306682994313573
Ruy Lopez,Open Game: 1...e5 (other),163114,0.5343226,0.5242014,0.010121218,0.044894982,0.002313048769981007,0.0166955102655781
Réti Opening,Flank: 1...Nf6,19994,0.52778333,0.521743,0.0060403203,0.05856757,0.006456736239413966,0.002046483025675102
Réti Opening,Flank: 1...d5,50124,0.5372776,0.5243863,0.01289128,0.046105657,0.004135727834423953,0.0051304348894137645
Réti Opening,King's Indian Defence,11015,0.51643217,0.52548915,-0.00905702,0.059282795,0.008722916926969627,0.0011274387580179678
Réti Opening,Other defence,54882,0.5282333,0.5253919,0.0028413776,0.04684596,0.003939014194892974,0.0056174393025458106
Réti Opening,Reversed Sicilian (1...e5),10944,0.54061586,0.5264212,0.014194625,0.037737574,0.008876452160277047,0.0011201715631183513
Réti Opening,Symmetrical (1...c5),19720,0.5172921,0.5205755,-0.0032834322,0.04959432,0.0065731324255944076,0.0020184377946540467
Scotch Game,Open Game: 1...e5 (other),144342,0.547817,0.5261277,0.021689245,0.04433914,0.0024528500064991176,0.014774104876062597
Smith-Morra Gambit,Sicilian Defence,36112,0.52859163,0.5189797,0.00961186,0.041786663,0.004913366807461461,0.003696238622745788
Torre Attack,Indian Defence (other),6137,0.5290859,0.51467,0.014415836,0.0537722,0.011775644879436635,0.0006281517619569922
Torre Attack,King's Indian Defence,3508,0.51867163,0.5194981,-0.0008264702,0.048745725,0.01573610816605714,0.0003590608409556996
Torre Attack,Other vs 1.d4,6630,0.533635,0.52747285,0.006162147,0.0346908,0.01145921395796366,0.0006786127068233433
Torre Attack,Queen's Pawn: 1...d5 (other),22712,0.5470456,0.526327,0.020718625,0.04160796,0.006182958021341604,0.0023246835290153503
Trompowsky Attack,Indian Defence (other),11385,0.521256,0.5187296,0.002526401,0.052086078,0.008659207002476558,0.0011653100553821664
Trompowsky Attack,Queen's Pawn: 1...d5 (other),2869,0.5233531,0.52080846,0.0025446368,0.0547229,0.01728420011766031,0.0002936560868591511
Veresov Attack,Queen's Pawn: 1...d5 (other),7806,0.5143479,0.5191894,-0.0048415037,0.048168074,0.010540107105145833,0.0007989820195268504
Vienna Game,Open Game: 1...e5 (other),115269,0.5276961,0.5199156,0.007780495,0.03909117,0.0027563635277827016,0.011798342096956254
Vienna Game,Two Knights Defence,7318,0.5280814,0.5233876,0.004693832,0.033479095,0.010974507941147184,0.0007490328489492045
