,coef,ci95,p,coef_pp,ci_pp,per_sd_pp
d_isolated,-0.0016039497793188437,0.0008795143241752107,0.0003510234485235244,-0.16039497793188437,0.08795143241752107,-0.1790762159303632
d_doubled,-0.005787601784163435,0.0013320248162889431,1.649704300872459e-17,-0.5787601784163435,0.1332024816288943,-0.32933769217993253
d_backward,-0.005559298149779491,0.0010387078968358246,9.585385977180077e-26,-0.555929814977949,0.10387078968358246,-0.34095763475352314
d_passed,0.00528558791412889,0.0014929261545685532,3.942533832769745e-12,0.528558791412889,0.14929261545685532,0.23980559886857553
d_islands,-0.008172460467119747,0.0015019066815173305,1.481996195155794e-26,-0.8172460467119746,0.15019066815173304,-0.570917269490139
d_iqp,-0.005297516271164284,0.0020235100024819253,2.8782720115320556e-07,-0.5297516271164284,0.20235100024819253,-0.18072559681805794
d_hanging,0.002248430424058226,0.00563491484780539,0.434170748160679,0.22484304240582262,0.563491484780539,0.025237683394115994
d_bishop_pair,0.025477752406073632,0.0012772393357794384,0.0,2.547775240607363,0.12772393357794384,1.2821364622625948
d_outposts,0.029406914367946343,0.0020042613130547733,7.297860639259175e-182,2.9406914367946344,0.20042613130547732,0.9427936586589308
d_rooks_open,0.015021776188010783,0.0010823067563805002,5.8821246467126e-163,1.5021776188010783,0.10823067563805003,0.952294033283775
d_rooks_half_open,0.0139205188776161,0.0009180607564390962,4.311774882801531e-194,1.39205188776161,0.09180607564390962,1.0123849744833073
d_rooks_7th,0.015678170405212088,0.0035398624273537327,3.926275661138611e-18,1.5678170405212088,0.35398624273537327,0.2850933030878291
d_pawn_shield,0.008323972424060291,0.0007324420557819407,6.489512032101108e-110,0.8323972424060291,0.07324420557819407,0.8815797407198249
d_open_files_near_king,-0.008146350226874119,0.001096250629414017,4.692599039595612e-48,-0.8146350226874118,0.1096250629414017,-0.5976077719636194
d_centre,0.0016238216988738359,0.0002662829009006342,6.316029279950236e-33,0.16238216988738358,0.02662829009006342,0.42608389558203946
d_space,0.004957456515245507,0.00015854388476725206,0.0,0.4957456515245507,0.015854388476725205,2.2874003801217273
d_developed_minors,0.015953050806015077,0.0010054201199807544,2.4526250016070704e-212,1.5953050806015077,0.10054201199807544,1.0381734679870789
unc_diff,-0.0043316607879727385,0.0017494181346607777,1.2156248658806108e-06,-0.43316607879727387,0.17494181346607776,-0.16246071276734098
