,coef_pp,ci_pp
d_isolated,-0.13536729577733556,0.09488702835646474
d_doubled,-0.7384324607984214,0.14151864669515118
d_backward,-0.6755276572319355,0.14031467317186805
d_passed,0.12655613573839744,0.12185798514705554
d_islands,-0.3566422249227332,0.16386525649675154
d_iqp,-0.1732009040734628,0.21978455535147245
d_hanging,0.944052070270653,0.6628906508505004
d_bishop_pair,1.8232453383507345,0.14736896898027438
d_outposts,2.728531675039191,0.2599708034226658
d_rooks_open,1.3770870982607426,0.11829393701239516
d_rooks_half_open,1.442956597053719,0.10707662172835157
d_rooks_7th,1.571257229109703,0.33223016305203457
d_pawn_shield,1.0606993318696765,0.08519588474724633
d_open_files_near_king,-0.6258359690393206,0.11317060563803799
d_centre,0.19165142313837819,0.03089873092653079
d_space,0.3770407044871724,0.017458586661885402
d_developed_minors,0.9186144022717496,0.08936119740047903
unc_diff,-0.4176686844863806,0.17129573256567904
