group,year,oct,nov,change_pp,change_in_sd
all,2016,4.532443970273216,4.561316205399919,0.028872235126702783,0.6004947726253348
all,2017,4.6088789415412235,4.5630735963390405,-0.045805345202182934,-0.952675476335766
all,2018,4.6611206108064875,4.673821096814034,0.012700486007546807,0.2641491184823287
all,2019,4.313837948971742,4.296509230722432,-0.017328718249310704,-0.360408699892597
all,2020,4.069399338787166,4.302526110960103,0.23312677217293665,4.848651565579463
all,2021,3.9465484917794003,3.9596113642621145,0.013062872482714205,0.2716861582387999
all,2022,3.9834097400119552,3.9313653011916116,-0.0520444388203436,-1.082438312056113
all,2023,3.7497473035789715,3.736265202332529,-0.013482101246442557,-0.2804054236523815
all,2024,3.6352300058849605,3.597809269152055,-0.03742073673290536,-0.7782894776690156
all,2025,3.577442320562173,3.544171121402389,-0.033271199159783826,-0.6919859542134535
under_1600,2016,4.145578134957162,4.208337771675879,0.06275963671871665,0.7967076790664069
under_1600,2017,4.629621533731127,4.578693688472169,-0.05092784525895766,-0.6465079710064162
under_1600,2018,4.787615406171216,4.776533767304537,-0.011081638866679455,-0.14067683057654282
under_1600,2019,4.283371279869495,4.2193850029413085,-0.06398627692818692,-0.8122793701314246
under_1600,2020,3.8442362127484913,4.24610225955398,0.40186604680548843,5.1015235617275225
under_1600,2021,3.5293940523944114,3.5755161913970546,0.04612213900264317,0.5855015140235096
under_1600,2022,3.6769771858892595,3.6077394139638197,-0.06923777192543978,-0.878944931145458
under_1600,2023,3.3359078449428488,3.3291958066566067,-0.006712038286242006,-0.08520655511127187
under_1600,2024,3.2370974306523568,3.1842784345485238,-0.052818996103833005,-0.6705153502577968
under_1600,2025,3.2211374540345195,3.178587383645,-0.04255007038951941,-0.5401555776379495
1600_1999,2016,4.953591330107466,4.977762612731524,0.02417128262405832,0.5215378236615248
1600_1999,2017,4.811135802448941,4.766892208461841,-0.044243593987100205,-0.9546331519879502
1600_1999,2018,4.756218769711619,4.7800617881416185,0.02384301842999914,0.5144549478365892
1600_1999,2019,4.653966016007134,4.708211197224317,0.05424518121718336,1.1704349411717248
1600_1999,2020,4.478193995308647,4.615148117092601,0.13695412178395383,2.9550254211824805
1600_1999,2021,4.428481715740302,4.412377730461454,-0.016103985278848043,-0.34747173185787233
1600_1999,2022,4.434702078983395,4.398616480905265,-0.036085598078130054,-0.7786100795685703
1600_1999,2023,4.307152730422189,4.266848049762399,-0.04030468065978976,-0.8696441873447511
1600_1999,2024,4.1620324768345,4.120799620844048,-0.04123285599045179,-0.8896711983006353
1600_1999,2025,4.0501093323075485,4.038036067598623,-0.01207326470892589,-0.2605018649078831
2000_plus,2016,3.692402732300802,3.6702572249996077,-0.022145507301194467,-0.3583483504164157
2000_plus,2017,3.45089064840428,3.4059438820677954,-0.04494676633648442,-0.7273077719182587
2000_plus,2018,3.392420476588813,3.4613374167181763,0.06891694012936345,1.1151820310647038
2000_plus,2019,3.4483178000368033,3.45377572786577,0.005457927828966813,0.08831766225091688
2000_plus,2020,3.5560453239512624,3.6199706347521885,0.06392531080092612,1.0344097953508153
2000_plus,2021,3.8821523457040272,3.883128955254958,0.0009766095509307071,0.015803043787489087
2000_plus,2022,3.771277177149252,3.7384561315948464,-0.03282104555440579,-0.5310949698916572
2000_plus,2023,3.593614025192822,3.618452352801413,0.024838327608590838,0.40192232241891157
2000_plus,2024,3.4914058181833822,3.4998957549338967,0.00848993675051446,0.1373802274343232
2000_plus,2025,3.470031164877189,3.4279163250181792,-0.042114839859009656,-0.6814828482485752
