white_setup,games,white_score,expected,excess,draw_rate,ci95,share
Other,594098,0.49602255,0.50885457,-0.012831985,0.041885346,0.0012067599792665435,0.06080881627425861
Open Sicilian,335811,0.503027,0.51269937,-0.00967235,0.04379249,0.001613461430550771,0.03437188713288895
King's Pawn (1.e4),3159958,0.5026782,0.5113553,-0.008677083,0.040062558,0.0005264341480829112,0.3234370515577795
Queen's Pawn (other),638305,0.5073147,0.5139649,-0.0066502225,0.041752767,0.0011679251283231865,0.06533361747041842
Bird Opening,90929,0.50873756,0.5135345,-0.0047968808,0.041350946,0.0031031960429253077,0.009307024859538429
Queen's Pawn: d4 + c4,543670,0.5133316,0.51756316,-0.004231563,0.043530084,0.0012660105261281533,0.05564726550809156
Veresov Attack,11676,0.5176002,0.5184115,-0.0008113003,0.044450153,0.008624453507734926,0.0011950953189848199
Nimzo-Larsen Attack,135290,0.5200754,0.51921827,0.0008571412,0.039618596,0.002540555040247319,0.013847588703790364
Closed Sicilian,64641,0.50939804,0.50849575,0.0009023574,0.04207856,0.003663312319196582,0.006616320359240985
Trompowsky Attack,18783,0.5194325,0.51789516,0.0015373171,0.051589202,0.006747438947222401,0.0019225312929506571
Blackmar-Diemer Gambit,23720,0.5158305,0.51410085,0.0017296579,0.0373946,0.006095172524339094,0.0024278572256183563
Rossolimo / Moscow,47032,0.5199545,0.5161082,0.0038462924,0.049179282,0.004299418844610542,0.004813953669278353
Bishop's Opening,235526,0.5232352,0.5181919,0.005043334,0.037112676,0.0019258154013865225,0.024107230224325
Open Game: 2.Nf3 (other),711153,0.52842146,0.52305824,0.005363192,0.040169977,0.0011087718393239631,0.07278996414714044
Réti Opening,169192,0.5295404,0.5240954,0.005445002,0.048642963,0.0022428551074589343,0.01731762309092837
Vienna Game,123184,0.5275401,0.520074,0.0074661034,0.03873068,0.0026671585306779627,0.012608480795976882
Italian Game,373560,0.53089595,0.5233843,0.007511739,0.038133096,0.0015295358540652188,0.03823568065775688
Alapin Sicilian,48876,0.5221581,0.51312363,0.009034485,0.043334153,0.004224486944645648,0.0050026960269529
Smith-Morra Gambit,36112,0.52859163,0.5189797,0.00961186,0.041786663,0.004913366807461461,0.003696238622745788
Queen's Pawn: kingside fianchetto,112806,0.5319442,0.521779,0.0101652015,0.049545236,0.002749741921919022,0.01154624208233998
English Opening,306529,0.53122216,0.52077925,0.010442942,0.044511285,0.0016831453521030015,0.03137473218851472
King's Indian Attack,126083,0.5315348,0.5210125,0.010522294,0.044042416,0.002614398286825902,0.012905207528568264
Colle / Zukertort,120923,0.52511513,0.5143685,0.010746671,0.04134036,0.002677819133097123,0.012377056462624304
Ruy Lopez,205190,0.53590816,0.5251058,0.010802413,0.045128904,0.002061299438840816,0.021002193259891676
London System,512887,0.52777904,0.5162916,0.01148743,0.04403309,0.0013043102470289129,0.05249647592224797
Grand Prix Attack,26243,0.5331517,0.52016306,0.012988656,0.040810883,0.005732204746745469,0.0026860985316990945
King's Gambit,147725,0.5437908,0.52999854,0.013792302,0.030482315,0.002448824745957552,0.015120371359800662
Torre Attack,46510,0.53770155,0.52319545,0.014506112,0.043281015,0.004315124137529322,0.004760524433537511
Jobava London,64937,0.531854,0.5146564,0.017197499,0.03929963,0.0036841745233619112,0.006646617397132344
Queen's Gambit,565712,0.5461587,0.5259908,0.020167854,0.042532243,0.0012417661583241971,0.05790337128242039
Scotch Game,144342,0.547817,0.5261277,0.021689245,0.04433914,0.0024528500064991176,0.014774104876062597
Catalan,28529,0.55559254,0.5336061,0.02198642,0.053875003,0.005444114984927818,0.002920081736495198
